sample_idx,n_tokens,total_kl,rock_count,nonrock_high_count,rock_kl,nonrock_high_kl,rock_pct,nonrock_high_pct,rock_kl_share,nonrock_high_kl_share,run
0,256,33.66386912883976,154,2,27.493303440260995,2.01774799823761,60.15625,0.78125,81.67006393423608,5.993808942505097,onpolicy
1,256,18.058705788563724,197,3,10.896950927364184,4.792494773864746,76.953125,1.171875,60.341815493029635,26.538417702667,onpolicy
2,256,34.65790699715364,205,3,17.238141321833634,17.361852645874023,80.078125,1.171875,49.737975588801014,50.09492537244071,onpolicy
3,256,37.50838617872908,190,5,20.163804343062097,15.334603309631348,74.21875,1.953125,53.758122908782845,40.88313273879953,onpolicy
4,256,27.861357919344318,167,2,21.91489814110844,3.4506300687789917,65.234375,0.78125,78.65696354265917,12.385003196068908,onpolicy
5,256,38.41047057978592,152,7,20.306737126149724,13.521526575088501,59.375,2.734375,52.86771242223844,35.20271001887804,onpolicy
6,256,34.61083061601219,182,3,20.021148735455416,7.422852039337158,71.09375,1.171875,57.84648440708882,21.446616296758524,onpolicy
7,256,36.98392218063273,164,5,20.85923773723797,10.229830622673035,64.0625,1.953125,56.40082637898602,27.66021021975344,onpolicy
8,256,26.468568565012912,155,3,17.987519341158404,6.928490877151489,60.546875,1.171875,67.95803595112031,26.176296085424934,onpolicy
9,256,30.91115950279613,197,4,18.272683209044093,11.124547243118286,76.953125,1.5625,59.11354832027961,35.98877370521152,onpolicy
10,256,60.14851378043134,175,5,36.14118247814448,19.370187163352966,68.359375,1.953125,60.086576054191084,32.20393314132866,onpolicy
11,256,14.157242253822503,177,5,6.285839483046896,7.702064275741577,69.140625,1.953125,44.40016897605675,54.40370474455923,onpolicy
12,256,36.29306808851984,191,5,21.399037558999265,11.208609461784363,74.609375,1.953125,58.961776135339115,30.88360960403304,onpolicy
13,256,42.52484953643968,186,4,28.7752707957552,10.6223304271698,72.65625,1.5625,67.66695499086381,24.97911349002538,onpolicy
14,256,26.888328219307592,162,2,16.784829438052846,8.262858867645264,63.28125,0.78125,62.4242210268775,30.73028118465166,onpolicy
15,256,79.00251038728457,144,9,39.25894217526466,32.848719000816345,56.25,3.515625,49.69328440679952,41.579335694253245,onpolicy
16,256,21.964914703585094,190,4,13.691731000438553,6.366125702857971,74.21875,1.5625,62.3345511931526,28.9831569517495,onpolicy
17,256,34.41495598704367,184,3,27.089384548171537,5.1674734354019165,71.875,1.171875,78.71398864601187,15.015196989783556,onpolicy
18,197,24.20218098524347,137,5,6.475120759584799,17.120692133903503,69.54314720812182,2.5380710659898478,26.75428616756814,70.74028635825141,onpolicy
19,256,27.81673208052924,164,1,22.188074227304362,1.4737780094146729,64.0625,0.390625,79.7652080879596,5.298170917950017,onpolicy
20,256,79.57798461699761,146,8,47.011572518815335,29.55521559715271,57.03125,3.125,59.07610345383616,37.13993982054153,onpolicy
21,256,21.631750124524295,190,3,12.89209100735209,4.10720431804657,74.21875,1.171875,59.59800262640839,18.986925673619723,onpolicy
22,256,102.38429584091418,146,15,56.93214211608925,30.15912437438965,57.03125,5.859375,55.60632287255365,29.456787417135946,onpolicy
23,256,45.11851271933899,184,4,32.35522294805301,6.126148819923401,71.875,1.5625,71.71163453307872,13.57790505647047,onpolicy
24,256,6.814067327182528,133,1,3.3448905618698697,1.5811278820037842,51.953125,0.390625,49.0880174976626,23.203878184419803,onpolicy
25,256,27.220819217695713,170,4,15.791720601101076,6.443448901176453,66.40625,1.5625,58.01339215696783,23.671032269990224,onpolicy
26,256,33.249373035025044,175,7,13.723208717630184,15.859579205513,68.359375,2.734375,41.27358643176247,47.698881987357915,onpolicy
27,256,14.223397647183388,192,1,11.61326730369059,1.4161794185638428,75.0,0.390625,81.64903767553967,9.956688645657628,onpolicy
28,256,34.29770091576503,193,4,23.20550333610221,9.744933009147644,75.390625,1.5625,67.65906377542566,28.412787880683748,onpolicy
29,256,36.73034320913652,179,3,26.077968075226423,7.85563063621521,69.921875,1.171875,70.99843289441313,21.38730529003376,onpolicy
30,256,77.69887423712474,194,6,45.81223065742416,27.17423367500305,75.78125,2.34375,58.96125408151016,34.973780433512545,onpolicy
31,256,59.04836580038001,157,6,36.51039262148669,17.68072021007538,61.328125,2.34375,61.83133457903711,29.9427765195859,onpolicy
32,256,32.60663896059904,180,2,27.73065431348176,2.7014383673667908,70.3125,0.78125,85.04603724103767,8.284933539550439,onpolicy
33,256,19.906525191052722,172,4,9.852786147399378,7.880276799201965,67.1875,1.5625,49.49525872967451,39.58640055746078,onpolicy
34,214,45.23752600058325,166,5,25.439310129847033,18.80332523584366,77.57009345794393,2.336448598130841,56.23497211036484,41.56576828627018,onpolicy
35,256,45.45656811010078,162,2,33.94230959219577,8.821951746940613,63.28125,0.78125,74.66975841639382,19.40743024324423,onpolicy
36,256,36.08605640837545,166,4,16.41904614307556,14.098490595817566,64.84375,1.5625,45.499696495693435,39.06908096653464,onpolicy
37,256,33.09517779207132,160,4,20.134310010420432,8.045079112052917,62.5,1.5625,60.8375943375172,24.30891643065986,onpolicy
38,256,51.90596885042142,175,6,26.321196781063076,22.613462567329407,68.359375,2.34375,50.709383456290844,43.56620841139701,onpolicy
39,256,54.01816079889879,163,6,42.36261591787887,8.015975832939148,63.671875,2.34375,78.42291424098701,14.839409032790618,onpolicy
40,256,42.21860587141279,197,7,27.56243622934799,12.3498095870018,76.953125,2.734375,65.28504591860803,29.25205447241958,onpolicy
41,256,28.810197241115997,145,9,11.273164712712207,13.750988483428955,56.640625,3.515625,39.129078563280004,47.72958813278952,onpolicy
42,256,44.05772925311745,183,5,19.482310921091443,16.087523221969604,71.484375,1.953125,44.21996151722438,36.51464452365365,onpolicy
43,256,23.20276503248551,200,2,18.58867163933879,4.054406046867371,78.125,0.78125,80.11403646640105,17.47380556235826,onpolicy
44,177,16.12161850250803,129,5,6.654057119459864,8.042385458946228,72.88135593220339,2.824858757062147,41.274125910030044,49.88571995854559,onpolicy
45,256,58.27871334533725,194,7,43.7941570214417,10.734492063522339,75.78125,2.734375,75.14606021230146,18.419233108174275,onpolicy
46,248,27.12020833235737,197,2,22.389823212724508,4.113282084465027,79.43548387096774,0.8064516129032258,82.55771098192857,15.166852828182119,onpolicy
47,256,27.35746051497123,198,0,25.402994213908862,0.0,77.34375,0.0,92.85581971326323,0.0,onpolicy
48,256,32.09187488206748,173,1,29.368116749773126,1.0653655529022217,67.578125,0.390625,91.51262385789633,3.3197360915099856,onpolicy
49,256,50.68654104568205,141,7,28.73343387819816,14.401574790477753,55.078125,2.734375,56.688488276013345,28.413015552783737,onpolicy
50,256,50.05487803844675,167,12,24.926490158889816,19.294081568717957,65.234375,4.6875,49.79832363140307,38.545856717298015,onpolicy
51,256,37.279431702407315,146,6,24.288370099549784,9.691043734550476,57.03125,2.34375,65.15220053094684,25.99568526664176,onpolicy
52,256,64.432129330787,163,7,46.806750730812254,13.989880323410034,63.671875,2.734375,72.64504714800263,21.71258418542654,onpolicy
53,256,22.003870443109285,186,1,18.321652041174705,1.6681634187698364,72.65625,0.390625,83.26558769987804,7.581227234921469,onpolicy
54,256,24.018416112606754,172,4,10.249370605769919,9.17128986120224,67.1875,1.5625,42.672966267705895,38.184407407232925,onpolicy
55,256,26.48212149800222,174,5,15.852499346558542,9.620745062828064,67.96875,1.953125,59.86113819376003,36.3292082303672,onpolicy
56,231,16.28307289211656,178,3,9.173317868991658,4.713608264923096,77.05627705627705,1.2987012987012987,56.33652769209744,28.947903728940414,onpolicy
57,256,18.35775398058897,180,2,12.355150651413826,4.4130353927612305,70.3125,0.78125,67.30208207647762,24.0390812374295,onpolicy
58,256,38.94563721540266,182,5,27.303370040004495,6.625217258930206,71.09375,1.953125,70.10636361909684,17.011449118901538,onpolicy
59,256,22.20211784916368,177,2,11.832784155825077,8.060324430465698,69.140625,0.78125,53.29574519068144,36.30430432459541,onpolicy
60,256,97.93311670466522,145,15,52.20872958071287,35.12744975090027,56.640625,5.859375,53.31059741329136,35.86881632372975,onpolicy
61,256,48.550833036878046,158,6,29.45621280456181,13.602518439292908,61.71875,2.34375,60.6708700182087,28.01706497798042,onpolicy
62,191,32.96909876614428,137,1,30.02802733132431,1.339481234550476,71.72774869109948,0.5235602094240838,91.07930897449909,4.062838490222788,onpolicy
63,256,16.57385661238155,187,2,10.206852358349222,3.5293277502059937,73.046875,0.78125,61.584051298743354,21.294547387174802,onpolicy
64,256,61.129843186679096,154,9,40.11220896327672,13.267203986644745,60.15625,3.515625,65.61804655834229,21.703317553308928,onpolicy
65,256,66.18199239899972,129,15,27.246247410994567,30.795018196105957,50.390625,5.859375,41.16867205618664,46.530811599699426,onpolicy
66,256,7.120473741150034,179,1,2.6826846624169427,2.596989393234253,69.921875,0.390625,37.67564855851375,36.47214339441986,onpolicy
67,256,52.30234147957636,179,5,38.009435472704254,10.737961232662201,69.921875,1.953125,72.67253128150415,20.530555475905963,onpolicy
68,256,50.06214302364961,171,5,32.972507126530196,11.548932194709778,66.796875,1.953125,65.86315554041268,23.069192601790945,onpolicy
69,256,43.953284290163374,171,5,29.44598838256599,11.067372679710388,66.796875,1.953125,66.99382960366381,25.179853697957302,onpolicy
70,256,17.104837268499175,165,4,9.943347193241198,5.667145609855652,64.453125,1.5625,58.13178481126617,33.13183002502135,onpolicy
71,256,65.17769252261127,198,4,50.631433335543385,9.49618411064148,77.34375,1.5625,77.68215071127054,14.569684416715258,onpolicy
72,256,5.305543671689935,172,0,3.1165201319999696,0.0,67.1875,0.0,58.74082516047386,0.0,onpolicy
73,256,73.3543810330485,143,11,41.627091232857204,24.324986338615417,55.859375,4.296875,56.74792786282644,33.160918265612835,onpolicy
74,256,41.28665014352887,166,4,27.807081013725053,7.146533489227295,64.84375,1.5625,67.35126467528013,17.309550337416802,onpolicy
75,256,35.3400603723057,173,2,28.085592418636647,2.5878652334213257,67.578125,0.78125,79.47239513106766,7.32275272356159,onpolicy
76,256,40.607808535085624,149,9,17.431897787826642,20.12864065170288,58.203125,3.515625,42.92745266656111,49.568399226251024,onpolicy
77,256,14.248760783531473,185,3,7.82983416692696,5.23956024646759,72.265625,1.171875,54.95098335833231,36.772041625706876,onpolicy
78,256,29.036196302948426,181,2,20.76445718397977,5.250538349151611,70.703125,0.78125,71.51231851215746,18.082734716249508,onpolicy
79,256,40.13334672023853,183,8,19.044746209880927,17.12488865852356,71.484375,3.125,47.45367074078824,42.669974118773865,onpolicy
80,256,31.274530653094143,204,1,28.13385582991153,1.2451729774475098,79.6875,0.390625,89.95772356100285,3.981428182757776,onpolicy
81,256,23.9282214225803,159,4,14.80183992573509,6.457716643810272,62.109375,1.5625,61.85934033428437,26.987867295963465,onpolicy
82,256,13.63803719390668,196,2,6.863506908719986,4.8145458698272705,76.5625,0.78125,50.32620758496335,35.30233714260843,onpolicy
83,256,35.81151284083967,179,4,22.28539079988511,11.685582876205444,69.921875,1.5625,62.229682669174245,32.63079928552791,onpolicy
84,256,66.41803468383978,159,9,35.042282309706856,28.57610583305359,62.109375,3.515625,52.76019153007703,43.02461819155041,onpolicy
85,256,14.069170596250782,192,1,8.210301422057302,3.970477819442749,75.0,0.390625,58.35668397002181,28.22112214987869,onpolicy
86,256,68.13038147284159,143,9,40.690488959481414,19.75932240486145,55.859375,3.515625,59.724440227450685,29.002218948000447,onpolicy
87,256,55.47427794226517,176,9,30.38118025897232,20.315479516983032,68.75,3.515625,54.76624732383452,36.6214401891384,onpolicy
88,256,34.23240960955317,165,3,22.468031610685856,9.26438319683075,64.453125,1.171875,65.63380102934894,27.063193337828476,onpolicy
89,256,33.30949349532654,148,3,20.351726688692498,10.997006893157959,57.8125,1.171875,61.09887768647076,33.01463258425375,onpolicy
90,256,53.564669088473245,178,10,31.264083575463218,19.733096957206726,69.53125,3.90625,58.366987246433,36.839762651410005,onpolicy
91,256,34.34401139806435,163,4,17.45947375436176,13.69694846868515,63.671875,1.5625,50.837025273482716,39.881621019544376,onpolicy
92,256,53.02729038234745,157,11,27.512138877883324,23.85609745979309,61.328125,4.296875,51.882980781235595,44.98833956587508,onpolicy
93,256,17.87037661499641,186,3,11.465708891408362,4.682130932807922,72.65625,1.171875,64.16042111718342,26.20051627159769,onpolicy
94,256,32.87033425721272,171,5,15.903433998227255,14.51760184764862,66.796875,1.953125,48.38233123454646,44.166273862770446,onpolicy
95,256,39.6248535953865,178,6,24.651447084203316,9.859272301197052,69.53125,2.34375,62.21208369858424,24.88153622438863,onpolicy
96,186,26.855615007814865,140,1,23.08708442683615,2.6008410453796387,75.26881720430107,0.5376344086021505,85.96743891405171,9.684533549586577,onpolicy
97,201,15.599365887222703,153,1,6.275363774017722,7.847899436950684,76.11940298507463,0.4975124378109453,40.22832607034248,50.30909264958537,onpolicy
98,256,34.61108977922147,167,4,23.732507068338425,9.046645700931549,65.234375,1.5625,68.56908355016914,26.13799726803933,onpolicy
99,256,18.19538143593049,143,1,9.335512591678835,2.3437373638153076,55.859375,0.390625,51.307045277127095,12.880946585638048,onpolicy
100,248,45.55512244938797,187,4,33.259846526243386,9.693959712982178,75.40322580645162,1.6129032258064515,73.01011332632304,21.279626070047836,onpolicy
101,256,37.11964301818546,185,6,26.643162563789215,7.602997899055481,72.265625,2.34375,71.77645148886896,20.48241114638592,onpolicy
102,256,44.51686773889384,152,10,17.669618241942647,20.449472844600677,59.375,3.90625,39.69196203466246,45.9364593316484,onpolicy
103,256,43.28537519229069,163,7,26.652832425991875,12.124768018722534,63.671875,2.734375,61.574682690376356,28.01123466034322,onpolicy
104,256,9.274118062693368,188,1,6.073703089966291,1.8487944602966309,73.4375,0.390625,65.49089680450305,19.93498948146567,onpolicy
105,256,65.19045653314667,156,10,43.983037795042236,16.44683188199997,60.9375,3.90625,67.46852244036467,25.22889508165575,onpolicy
106,234,58.32919508778205,171,6,40.47696929049444,17.19937551021576,73.07692307692308,2.5641025641025643,69.39401311740879,29.48673556069426,onpolicy
107,256,16.069915190943057,199,3,8.622191392533487,5.170983672142029,77.734375,1.171875,53.654243286815365,32.178039589508074,onpolicy
108,256,33.71804599283498,170,6,18.805338158633507,9.854468584060669,66.40625,2.34375,55.77232489281735,29.22609627543282,onpolicy
109,256,30.312186100194737,189,3,18.375880624161606,8.401393055915833,73.828125,1.171875,60.62208962237651,27.716222868735485,onpolicy
110,256,36.37092323588794,166,3,26.898866103839016,6.967410326004028,64.84375,1.171875,73.95706160490681,19.15653963694037,onpolicy
111,256,30.584776183357906,173,4,18.725505699073082,9.538136601448059,67.578125,1.5625,61.22492310165144,31.185896356626095,onpolicy
112,256,42.29104096080124,147,9,17.262686852934056,19.273498594760895,57.421875,3.515625,40.81877972437357,45.57347881936776,onpolicy
113,256,34.49120509612374,195,3,26.15400352966765,5.38226318359375,76.171875,1.171875,75.82803632630088,15.604740885666038,onpolicy
114,256,20.138963952607014,193,1,17.614067751108486,2.078967332839966,75.390625,0.390625,87.46263110932439,10.323109658135323,onpolicy
115,256,37.64115637211707,146,4,29.66252455966536,6.304471969604492,57.03125,1.5625,78.80343596892807,16.748879623354426,onpolicy
116,256,82.32971451477394,188,9,49.453379117219875,31.030397832393646,73.4375,3.515625,60.067473097268596,37.690398922524246,onpolicy
117,256,48.16354841541758,112,6,25.507214379979846,17.69934892654419,43.75,2.34375,52.95958296090734,36.74843218336976,onpolicy
118,256,56.052947434588084,142,8,26.233846883465514,21.94408279657364,55.46875,3.125,46.801904420957584,39.1488472968913,onpolicy
119,256,43.84012450087826,158,2,34.63281085024751,2.230916976928711,61.71875,0.78125,78.99797558639165,5.088756025051932,onpolicy
120,256,91.39254282007983,135,14,38.024096354348714,46.41279911994934,52.734375,5.46875,41.60525047344941,50.78401113241812,onpolicy
121,256,22.749429376218973,218,1,20.87984201301975,1.7638158798217773,85.15625,0.390625,91.78182743715942,7.753231303751185,onpolicy
122,256,32.87418808430251,178,3,25.651910899176052,4.070804953575134,69.53125,1.171875,78.0305534341847,12.382982488072312,onpolicy
123,256,33.638279782248354,154,7,8.35327622964212,20.8876810669899,60.15625,2.734375,24.832649837374632,62.09497394695188,onpolicy
124,256,34.52397861357702,168,7,18.465179013314554,9.627514362335205,65.625,2.734375,53.485084149753455,27.886456743861654,onpolicy
125,256,93.27280655967272,192,7,46.215613930635236,46.21228575706482,75.0,2.734375,49.54886170501162,49.54529349076657,onpolicy
126,256,63.95183057548955,148,7,36.97435962897355,18.352734684944153,57.8125,2.734375,57.81595193796454,28.69774722598496,onpolicy
127,256,90.8715185764604,147,13,47.31053861999092,33.08365988731384,57.421875,5.078125,52.06310993931862,36.40707276117197,onpolicy
128,256,57.47101627315487,123,9,29.29007108330581,22.47840964794159,48.046875,3.515625,50.964943692821755,39.112601630539494,onpolicy
129,256,18.4737681662319,199,3,14.896450426733727,3.108137547969818,77.734375,1.171875,80.6356899831777,16.82459972433326,onpolicy
130,256,78.28585836238253,147,14,42.70302535319277,27.227598905563354,57.421875,5.46875,54.54755973361363,34.77971561546626,onpolicy
131,256,30.056770889140687,189,7,8.142916170073207,21.157585740089417,73.828125,2.734375,27.091786406819864,70.39207843758597,onpolicy
132,256,30.284317830406362,178,5,20.02737026972868,7.533621549606323,69.53125,1.953125,66.1311586474654,24.876312525165556,onpolicy
133,256,31.229814134482584,175,1,25.610797952479334,1.8713312149047852,68.359375,0.390625,82.00752602046715,5.992130490583175,onpolicy
134,256,67.67914275936592,179,5,49.23110072386325,15.254863500595093,69.921875,1.953125,72.74190942238302,22.539977426773802,onpolicy
135,256,43.75642799214339,176,6,27.911000009733485,11.944947600364685,68.75,2.34375,63.787199482428036,27.298726492275467,onpolicy
136,256,88.78758135999162,181,10,62.355643301029964,20.6193146109581,70.703125,3.90625,70.2301406862378,23.223196639805444,onpolicy
137,256,39.06227123303896,133,3,29.466977540963953,6.5646812915802,51.953125,1.171875,75.4359042902777,16.805682527819265,onpolicy
138,256,44.47076460496135,178,5,28.137404843513096,10.203214824199677,69.53125,1.953125,63.27169117387733,22.94364604439781,onpolicy
139,256,40.24246991060002,159,2,34.847338020232385,3.7066885232925415,62.109375,0.78125,86.59343747450616,9.210887233132242,onpolicy
140,256,154.12071121198824,133,29,44.48988265314751,99.3094767332077,51.953125,11.328125,28.866907181574753,64.43616562125165,onpolicy
141,256,18.669902615054237,180,5,6.6579720165033445,9.87233829498291,70.3125,1.953125,35.66152514976042,52.87835988508304,onpolicy
142,256,40.35381489827546,184,6,27.061482727855502,8.543878436088562,71.875,2.34375,67.0605314418786,21.17241816573255,onpolicy
143,256,23.85742416520579,223,4,14.980919161678163,7.102818489074707,87.109375,1.5625,62.793531514297655,29.771942016412734,onpolicy
144,256,36.83466623994159,187,2,30.17488091639353,4.62583589553833,73.046875,0.78125,81.91978914600145,12.558376029269718,onpolicy
145,256,19.437108377270093,164,2,14.902724957482256,2.2105672359466553,64.0625,0.78125,76.67151238869265,11.372922314574888,onpolicy
146,256,20.989725380080174,202,4,9.217097209887712,9.2851123213768,78.90625,1.5625,43.912424021683435,44.23646404725537,onpolicy
147,256,79.98752587783166,149,13,42.587706988031854,30.88644164800644,58.203125,5.078125,53.24293572109964,38.614073018311146,onpolicy
148,256,42.09929634098616,153,3,36.31639258404194,3.194339871406555,59.765625,1.171875,86.26365697396653,7.587632452413881,onpolicy
149,256,18.010207388492592,177,2,9.375521739345281,6.093514680862427,69.140625,0.78125,52.056711714134174,33.833673035635364,onpolicy
150,256,70.55891243289396,151,12,30.53230638753672,29.751421570777893,58.984375,4.6875,43.27207624773822,42.16536302068629,onpolicy
151,256,59.0369824398596,166,5,34.05774070572199,14.215779542922974,64.84375,1.953125,57.68882367999801,24.079448094089923,onpolicy
152,256,37.73155154262363,150,3,23.76234533395894,10.921834945678711,58.59375,1.171875,62.97738725934897,28.94615911392037,onpolicy
153,256,15.451832765660328,203,2,12.625165774707437,2.0648515224456787,79.296875,0.78125,81.70659083733557,13.36314956135521,onpolicy
154,256,27.10294158606157,171,1,23.401593752608886,1.1441081762313843,66.796875,0.390625,86.3433722804605,4.2213431800324335,onpolicy
155,256,36.147199934307224,164,6,14.646584375534752,14.455959796905518,64.0625,2.34375,40.51927784767006,39.991921430089526,onpolicy
156,256,51.35832002463142,156,6,34.60869751793092,12.445321202278137,60.9375,2.34375,67.38673987259048,24.232337031875982,onpolicy
157,256,61.394103110887094,167,8,46.399399818254466,11.377205729484558,65.234375,3.125,75.57631346849402,18.531430793826555,onpolicy
158,256,66.21200651391688,185,6,45.08065951663101,16.193692684173584,72.265625,2.34375,68.08532453574816,24.457335665805395,onpolicy
159,256,69.8888727261073,155,10,44.888885479211545,17.35863173007965,60.546875,3.90625,64.22894479229898,24.837475628069843,onpolicy
160,256,42.48362289764714,194,5,19.022502664486055,22.51745879650116,75.78125,1.953125,44.77608397550195,53.00268023457161,onpolicy
161,256,36.21435065485245,158,6,15.38665168208095,17.208075404167175,61.71875,2.34375,42.48771938154096,47.517282770501424,onpolicy
162,256,86.73846975143867,148,12,45.71664520381772,36.05358409881592,57.8125,4.6875,52.70630820998481,41.56585215548828,onpolicy
163,256,9.761284639560577,174,2,4.977501655229671,2.45990252494812,67.96875,0.78125,50.99228061700845,25.200602336485677,onpolicy
164,256,31.265344360368,193,1,26.665932531627515,2.230717420578003,75.390625,0.390625,85.28910548456741,7.134792423414545,onpolicy
165,256,18.93783195553064,182,4,11.21295507560728,5.4737701416015625,71.09375,1.5625,59.20928595172493,28.90389013090272,onpolicy
166,256,32.256899971905845,171,3,14.518631579352265,16.297542572021484,66.796875,1.171875,45.00938277390968,50.52420594110355,onpolicy
167,256,42.37753117669673,164,4,27.021923045505517,12.08679211139679,64.0625,1.5625,63.764741114425256,28.521699532235324,onpolicy
168,256,30.679211311549913,184,4,13.143862663509625,17.15734112262726,71.875,1.5625,42.84289622061212,55.92497456467524,onpolicy
169,256,26.76718863991255,194,2,19.09606380681538,5.338172197341919,75.78125,0.78125,71.34131291749199,19.942969241761055,onpolicy
170,256,74.37003285295117,181,10,39.863260399113884,30.06755244731903,70.703125,3.90625,53.601240808826695,40.42966137553062,onpolicy
171,256,50.03624183304459,171,8,26.044789470630185,10.948935866355896,66.796875,3.125,52.05184985222024,21.88201084903438,onpolicy
172,256,36.50866030876021,190,4,25.235254911093346,8.582179188728333,74.21875,1.5625,69.12128436835076,23.507242161578436,onpolicy
173,256,46.29583277890213,184,6,25.445435555434276,16.863817811012268,71.875,2.34375,54.96269108486636,36.426211170128084,onpolicy
174,256,40.339579818397794,180,3,29.28868173143819,6.968479752540588,70.3125,1.171875,72.60532177898494,17.2745471913975,onpolicy
175,256,37.05554034063723,198,4,15.182526901191379,18.33573079109192,77.34375,1.5625,40.9723532881299,49.48175258689699,onpolicy
176,256,14.460884841594918,168,1,4.387308738180324,8.499995231628418,65.625,0.390625,30.33914443161031,58.77921942355318,onpolicy
177,256,47.61370923315859,198,7,29.148524986947667,14.924716770648956,77.34375,2.734375,61.2187654698584,31.345419231180706,onpolicy
178,256,14.407495677743954,141,1,6.714575314762216,5.299551010131836,55.078125,0.390625,46.604735930162995,36.78329064723123,onpolicy
179,256,29.23021773880651,175,1,25.962620854510384,1.833918571472168,68.359375,0.390625,88.82116817091645,6.27405032647919,onpolicy
180,256,50.117456023907195,160,8,26.33909031969399,16.67724061012268,62.5,3.125,52.554723262748276,33.27631115627108,onpolicy
181,256,7.119602538219812,155,1,4.516835075122524,1.1237598657608032,60.546875,0.390625,63.44223642928127,15.78402529815644,onpolicy
182,256,45.26641435864467,158,3,26.475884691174734,13.745001792907715,61.71875,1.171875,58.48902561931891,30.36467983526685,onpolicy
183,256,76.50606112388057,194,9,50.135405589443145,22.891006350517273,75.78125,3.515625,65.53128582618129,29.920513504742544,onpolicy
184,256,37.8052793919396,195,3,17.396433267498452,16.97140097618103,76.171875,1.171875,46.015883356247635,44.891616327531956,onpolicy
185,256,30.340379152125394,196,4,15.62494188225562,14.062293767929077,76.5625,1.5625,51.49883527794037,46.348444419304464,onpolicy
186,256,40.300136497439325,164,4,26.043589147903273,6.531064867973328,64.0625,1.5625,64.62407180570737,16.20606140723199,onpolicy
187,256,51.98214440705604,149,8,23.961226876878897,24.10259759426117,58.203125,3.125,46.09511044647555,46.367070595474495,onpolicy
188,256,8.885976547838998,156,2,4.393364805179812,2.838331699371338,60.9375,0.78125,49.44155300801739,31.941696943388834,onpolicy
189,256,52.80665320453595,200,5,27.280286303556426,23.44770848751068,78.125,1.953125,51.66069926433649,44.402943690997986,onpolicy
190,236,26.89457722638592,168,5,15.360883662254444,9.838390588760376,71.1864406779661,2.1186440677966103,57.115170589794886,36.58131714042361,onpolicy
191,256,27.372249080224176,180,5,16.676983265127863,6.687438607215881,70.3125,1.953125,60.92660934163646,24.431454600664885,onpolicy
192,256,19.264835254955457,200,3,11.080160686074018,6.4279069900512695,78.125,1.171875,57.51495166938368,33.36601068725896,onpolicy
193,256,15.555669980220696,190,1,9.579279965205023,4.977057456970215,74.21875,0.390625,61.58063251139452,31.995134014148086,onpolicy
194,256,22.378087933550972,148,5,9.806137328806768,10.451526284217834,57.8125,1.953125,43.82026452807276,46.704286421844344,onpolicy
195,256,54.8472432718213,145,8,28.165113517715337,20.186594367027283,56.640625,3.125,51.351921878971886,36.80512121089318,onpolicy
196,244,67.06543440296633,161,7,45.34667869659694,16.68667459487915,65.98360655737704,2.8688524590163933,67.61557440175358,24.881184686907943,onpolicy
197,256,30.158968802606744,160,4,18.17906422564618,6.5906288623809814,62.5,1.5625,60.27747282949177,21.852964885892685,onpolicy
198,256,57.328861176813255,169,6,34.26123590705899,18.091554403305054,66.015625,2.34375,59.7626312537253,31.557498320971725,onpolicy
199,256,34.2531246598292,175,2,28.56027384585656,4.23954451084137,68.359375,0.78125,83.38005402278233,12.377102973654697,onpolicy
200,213,27.059386196426452,141,1,22.519100181081072,4.134171485900879,66.19718309859155,0.4694835680751174,83.221031022703,15.278142142214781,onpolicy
201,256,25.489027452719515,176,4,14.441371537669847,8.95899772644043,68.75,1.5625,56.65720892826394,35.1484486532834,onpolicy
202,256,53.674009287989676,173,4,33.97587362104937,15.209157943725586,67.578125,1.5625,63.30042057926154,28.33616893070228,onpolicy
203,256,31.501523709281148,179,5,16.32215016996967,9.663738131523132,69.921875,1.953125,51.813843421042996,30.677049849102854,onpolicy
204,245,44.83018707807681,156,7,25.188222020292336,14.75001049041748,63.673469387755105,2.857142857142857,56.18585078938934,32.90196060241435,onpolicy
205,256,24.11053857650652,162,2,12.704717558378745,6.889550030231476,63.28125,0.78125,52.69362821599643,28.57484916137337,onpolicy
206,142,36.03267383401282,110,5,22.992385344708016,12.508494138717651,77.46478873239437,3.5211267605633805,63.809822858620315,34.71431011847457,onpolicy
207,256,72.35167479978716,140,14,31.75444657818789,31.5902202129364,54.6875,5.46875,43.8890276777412,43.66204417569244,onpolicy
208,256,47.660252223880036,164,4,36.10927855915659,6.391148567199707,64.0625,1.5625,75.76392669836552,13.40980852803259,onpolicy
209,256,42.791190311622,185,2,23.18426236782177,14.589749574661255,72.265625,0.78125,54.17998938329362,34.09521789044206,onpolicy
210,256,28.37987389277378,188,3,19.714997666780363,4.964616417884827,73.4375,1.171875,69.468235628067,17.493440727194145,onpolicy
211,256,62.47551791407648,141,12,26.033665674726294,25.867567777633667,55.078125,4.6875,41.67018784947215,41.404327072901935,onpolicy
212,256,11.434799250972894,190,1,5.6958625344102645,4.7659196853637695,74.21875,0.390625,49.811653089805226,41.679084877316726,onpolicy
213,256,37.85105081361266,178,5,18.709786759107562,16.999524354934692,69.53125,1.953125,49.430032606594956,44.911631221664855,onpolicy
214,256,13.849459076304964,182,3,6.537497152465969,6.023509621620178,71.09375,1.171875,47.2039890976751,43.49274284600616,onpolicy
215,256,77.29321348552055,169,7,56.37505799430758,19.697084665298462,66.015625,2.734375,72.93662076149596,25.483588761629562,onpolicy
216,256,49.39835021259993,199,4,34.86248864069146,12.253690719604492,77.734375,1.5625,70.57419628520137,24.80587037191977,onpolicy
217,256,80.79845175848847,180,13,32.70768431403386,40.08042770624161,70.3125,5.078125,40.48058298418779,49.60544024537062,onpolicy
218,254,35.85843284948131,174,5,21.36295564682422,13.62866997718811,68.50393700787401,1.968503937007874,59.575820662595504,38.00687563339859,onpolicy
219,256,21.24978737137625,168,5,5.387836366780879,12.115287065505981,65.625,1.953125,25.35477778021613,57.013686084339064,onpolicy
220,256,71.37949368262039,162,10,41.27304405915389,25.449904322624207,63.28125,3.90625,57.82199050426036,35.65436375296228,onpolicy
221,256,61.76622754311456,164,6,35.932935976693074,21.50033414363861,64.0625,2.34375,58.1757011978931,34.80920723000409,onpolicy
222,256,35.18092985088391,187,4,24.849073767839624,9.757568597793579,73.046875,1.5625,70.63222567784204,27.73539141560928,onpolicy
223,256,66.01646029408717,141,8,40.53797538541482,22.231661438941956,55.078125,3.125,61.40586030336686,33.675936788954374,onpolicy
224,256,22.529561017792783,164,2,17.597362963682016,2.0065102577209473,64.0625,0.78125,78.10788212777182,8.906122299215241,onpolicy
225,256,47.40146708186978,172,5,30.543288994628963,8.322346270084381,67.1875,1.953125,64.4353242102737,17.55714913994198,onpolicy
226,256,18.30259466987654,196,2,12.776316683736205,3.2037628889083862,76.5625,0.78125,69.8060406963183,17.504419164028818,onpolicy
227,256,55.088891290008675,166,4,44.060869866162406,6.713959693908691,64.84375,1.5625,79.98140611363802,12.187501938573929,onpolicy
228,256,36.56874674194016,179,3,24.481638836991504,4.9375916719436646,69.921875,1.171875,66.94689049574093,13.502217362786494,onpolicy
229,256,55.23029167029879,179,6,41.86909831231612,11.944039821624756,69.921875,2.34375,75.80821510459644,21.62588583258905,onpolicy
230,256,23.248771377224784,198,0,22.535478125628796,0.0,77.34375,0.0,96.93190990602302,0.0,onpolicy
231,256,19.21432065978876,179,1,15.120840825781091,1.9126120805740356,69.921875,0.390625,78.695682733273,9.954096813720307,onpolicy
232,256,23.06965583664001,181,3,10.801749124036512,7.505795121192932,70.703125,1.171875,46.82232453108732,32.53535802329558,onpolicy
233,256,22.647056224150365,193,3,15.123847480487047,6.357576966285706,75.390625,1.171875,66.78063290344677,28.07242099529966,onpolicy
234,256,73.65798866572689,164,11,46.48668645823121,18.18591034412384,64.0625,4.296875,63.111533861175744,24.6896645883921,onpolicy
235,256,15.843242687008013,161,3,5.030314712509095,9.408409595489502,62.890625,1.171875,31.75053751233717,59.38436834780491,onpolicy
236,256,59.69464914522809,180,7,37.737026535398954,20.23841643333435,70.3125,2.734375,63.21676578346319,33.903233745619865,onpolicy
237,256,34.72981113018226,185,6,18.976464922745794,14.404399633407593,72.265625,2.34375,54.64027676860621,41.47560601298323,onpolicy
238,230,39.705435880744616,165,2,35.878558649884525,2.49659264087677,71.73913043478261,0.8695652173913043,90.36183044972954,6.287785502154649,onpolicy
239,256,23.44086866414723,206,3,14.223610892565555,8.670920848846436,80.46875,1.171875,60.678685147536974,36.990612306567776,onpolicy
240,256,218.9365715644423,148,16,115.03567580067238,99.32664918899536,57.8125,6.25,52.54292372382954,45.36777409057003,onpolicy
241,256,67.344951797399,151,7,39.068730570392084,20.660669565200806,58.984375,2.734375,58.012856981361736,30.678869037365263,onpolicy
242,256,31.80365959531349,172,6,19.9740764659092,9.374448359012604,67.1875,2.34375,62.80433358949839,29.47600520914266,onpolicy
243,256,28.15476386745846,162,3,17.753969780297293,6.096351504325867,63.28125,1.171875,63.058492921041676,21.653001719442894,onpolicy
244,256,68.64170462012012,180,7,47.55855391233011,17.246776163578033,70.3125,2.734375,69.28521687439248,25.125798170406583,onpolicy
245,156,57.76499754133218,108,7,33.17180096787157,22.720362901687622,69.23076923076923,4.487179487179487,57.42543474382801,39.33240520858792,onpolicy
246,256,45.829149849635485,193,5,20.862612018004125,13.894242405891418,75.390625,1.953125,45.522581340596396,30.317477962122684,onpolicy
247,256,38.822068430447636,195,4,17.3342126376532,19.284319162368774,76.171875,1.5625,44.650409775843386,49.67360045979502,onpolicy
248,256,49.04050985516075,181,5,31.02382560622069,16.557001411914825,70.703125,1.953125,63.26162941178295,33.761886776494144,onpolicy
249,256,49.33760905251908,196,7,33.17408463810622,14.062544584274292,76.5625,2.734375,67.23893856062817,28.502687613631508,onpolicy
250,150,30.641443739100666,110,3,14.849394332092867,15.090549111366272,73.33333333333333,2.0,48.46179722642763,49.248818821515435,onpolicy
251,256,76.04855266875124,150,13,41.54116336859173,25.37198120355606,58.59375,5.078125,54.624528555506906,33.36287189326293,onpolicy
252,256,36.0756933545326,166,3,26.50779566342259,4.5736846923828125,64.84375,1.171875,73.47827082051664,12.678022976398783,onpolicy
253,256,23.756251936983038,180,4,8.630855315826423,13.339525043964386,70.3125,1.5625,36.33087971419498,56.1516399108304,onpolicy
254,256,36.91555090338048,185,6,23.671898430422345,8.428528666496277,72.265625,2.34375,64.12446205226381,22.831918961622346,onpolicy
255,236,43.836684308105994,181,8,19.766250480811237,22.04220163822174,76.69491525423729,3.389830508474576,45.090660465751036,50.28254756518125,onpolicy
256,256,49.04440307548367,166,9,20.44994654174351,22.798043310642242,64.84375,3.515625,41.69679975566067,46.484495438865956,onpolicy
257,256,23.881647554612705,156,1,16.037277509506026,2.783918857574463,60.9375,0.390625,67.15314541357282,11.657147402448594,onpolicy
258,256,79.9031861049391,141,12,37.23605830418078,34.59393918514252,55.078125,4.6875,46.60146875154342,43.29481823128971,onpolicy
259,256,21.252173531215927,163,3,10.222978433260737,8.47897881269455,63.671875,1.171875,48.10321362304365,39.896995948392444,onpolicy
260,256,44.23338730630905,191,2,34.26495411603754,6.170361638069153,74.609375,0.78125,77.4640067213444,13.94955714184943,onpolicy
261,256,56.0335516038603,175,10,36.47790387581353,15.511464834213257,68.359375,3.90625,65.10011025840538,27.68245879517769,onpolicy
262,204,33.493917900255546,154,1,28.804606688804043,2.1037914752960205,75.49019607843137,0.49019607843137253,85.99951422399668,6.281114922300473,onpolicy
263,253,19.201315444986406,199,2,8.685657549162679,7.341209888458252,78.65612648221344,0.7905138339920948,45.23470058105089,38.23284873107531,onpolicy
264,256,15.693015355132657,188,2,9.727608542496558,2.358469247817993,73.4375,0.78125,61.98686691092152,15.02878315254192,onpolicy
265,256,32.59724789786428,149,4,20.9142094418971,5.775265753269196,58.203125,1.5625,64.15943305222208,17.717034798043738,onpolicy
266,256,17.64701055499278,161,3,8.792055629431525,7.233634948730469,62.890625,1.171875,49.82178484017528,40.99071016129638,onpolicy
267,256,11.71994677329539,157,1,6.940285277057495,4.499900817871094,61.328125,0.390625,59.21772010834858,38.39523254597359,onpolicy
268,256,71.85928907262154,176,10,47.6364806851032,18.037303686141968,68.75,3.90625,66.29133310372917,25.100865759906604,onpolicy
269,256,25.075427584593097,185,5,13.296988964184159,9.875492453575134,72.265625,1.953125,53.0279650040908,39.38314678886217,onpolicy
270,256,41.49434988193471,182,4,30.815223256225302,7.966426968574524,71.09375,1.5625,74.26366082106337,19.19882343317023,onpolicy
271,256,6.51829925488749,193,2,3.8941399158349337,1.9248700737953186,75.390625,0.78125,59.74165596823537,29.530250123941926,onpolicy
272,256,25.548653859559174,186,4,11.343752661992998,14.004486680030823,72.65625,1.5625,44.40058847855371,54.814968949101655,onpolicy
273,256,50.64220032028583,162,12,18.834498913441433,29.664351105690002,63.28125,4.6875,37.19131237253304,58.576347232304805,onpolicy
274,256,29.475398349555345,191,4,21.004026124428105,6.1926939487457275,74.609375,1.5625,71.2595157335506,21.0097040091034,onpolicy
275,132,47.07445855547296,102,4,36.22479389076277,8.612599849700928,77.27272727272727,3.0303030303030303,76.95212011429754,18.295696039821177,onpolicy
276,256,39.5279714459748,191,2,31.80984226050904,3.977567672729492,74.609375,0.78125,80.4742593583013,10.062665821760845,onpolicy
277,256,61.6979229699655,188,5,48.07507240155313,11.433552026748657,73.4375,1.953125,77.92008237450074,18.531502320288,onpolicy
278,256,50.921985560778275,176,7,33.941003304888675,12.708516836166382,68.75,2.734375,66.65294554231033,24.956836808725864,onpolicy
279,256,40.47008791225153,171,5,29.04442802882067,8.091239869594574,66.796875,1.953125,71.76764254082096,19.993136380474997,onpolicy
280,256,32.71678276559683,159,2,25.627886103670097,5.426077842712402,62.109375,0.78125,78.33253742363375,16.584998230382748,onpolicy
281,231,58.20846826763409,178,12,22.861752985926532,33.37237972021103,77.05627705627705,5.194805194805195,39.275647798893296,57.33251657949436,onpolicy
282,256,40.077215754727185,183,4,27.098922372954046,7.998845338821411,71.484375,1.5625,67.61677891697774,19.958585416148654,onpolicy
283,256,46.46823346441017,177,1,39.215100366625116,4.999996662139893,69.140625,0.390625,84.39120113455529,10.760031723541566,onpolicy
284,256,76.77192655230571,149,14,30.315993742283062,36.040910959243774,58.203125,5.46875,39.48838475693114,46.945429895768775,onpolicy
285,256,24.706136085359514,210,2,20.485732619875392,2.7588122487068176,82.03125,0.78125,82.91758998289875,11.166506325291587,onpolicy
286,256,36.98708065986374,172,6,24.169778653079334,11.258864045143127,67.1875,2.34375,65.34654323045017,30.43999105709524,onpolicy
287,256,29.63962307666309,187,3,12.470602278759301,15.313122749328613,73.046875,1.171875,42.07409198998248,51.66436398236616,onpolicy
288,256,35.16765581131479,207,3,24.49593000859053,8.175868272781372,80.859375,1.171875,69.65471380867316,23.248260608120717,onpolicy
289,256,8.929366653855029,160,2,4.913346066012698,2.7152132987976074,62.5,0.78125,55.02457516280267,30.40768067940611,onpolicy
290,256,60.892953375807416,165,8,30.91628547012901,27.36215341091156,64.453125,3.125,50.771532264703644,44.934843678944404,onpolicy
291,256,18.93197251900686,160,2,12.941202487744402,3.436225652694702,62.5,0.78125,68.35633463312926,18.15038369216353,onpolicy
292,256,60.2363507318876,183,1,53.922485402375685,2.7521865367889404,71.484375,0.390625,89.51818087783079,4.568979533702068,onpolicy
293,256,45.30840237160437,183,3,29.01637518192129,12.549294233322144,71.484375,1.171875,64.0419296710987,27.697498866539206,onpolicy
294,256,37.504900331487036,173,4,24.749441611496362,9.6305330991745,67.578125,1.5625,65.98988770200278,25.678066103509245,onpolicy
295,256,39.09207620839378,175,4,28.958667096793793,6.8088836669921875,68.359375,1.5625,74.0780994655276,17.41755446984982,onpolicy
296,256,47.83832891890361,179,3,37.68913364343342,8.274136900901794,69.921875,1.171875,78.78438585788545,17.296040827279437,onpolicy
297,256,37.531946231069725,191,4,16.786580024118265,17.26421558856964,74.609375,1.5625,44.72611124605626,45.99872194817855,onpolicy
298,229,18.771147596534114,193,1,13.477310629694157,4.087035179138184,84.27947598253274,0.4366812227074236,71.79801107196342,21.772963843152613,onpolicy
299,256,73.12021913411071,181,5,60.33094412738966,10.705608010292053,70.703125,1.953125,82.50924961909088,14.641104932490373,onpolicy
300,256,44.99671376499483,187,5,34.109695431767726,9.802999913692474,73.046875,1.953125,75.80485901684524,21.78603523112995,onpolicy
301,256,41.77931886405875,144,6,23.508528390180647,12.561530530452728,56.25,2.34375,56.26833809012666,30.066384211110158,onpolicy
302,256,62.122822954461114,171,2,49.40465040044852,6.760863780975342,66.796875,0.78125,79.52737504646947,10.883059493177516,onpolicy
303,256,74.37590212394412,182,11,40.405047567037066,29.214919567108154,71.09375,4.296875,54.32545544080106,39.280087680042925,onpolicy
304,256,49.213252742067745,158,13,13.615481465043677,34.13608503341675,61.71875,5.078125,27.66629049374965,69.36360254894724,onpolicy
305,256,55.40697616638632,145,11,16.49233234656856,34.30653190612793,56.640625,4.296875,29.765804755419843,61.91735099043472,onpolicy
306,256,88.76724647101234,146,15,41.77006854438606,41.910942792892456,57.03125,5.859375,47.05572179489246,47.21442250276267,onpolicy
307,256,35.751358794021804,155,6,15.038665947469614,15.229016900062561,60.546875,2.34375,42.06459965371811,42.59702963404315,onpolicy
308,256,34.721766381819926,165,2,17.624508377811992,13.235369682312012,64.453125,0.78125,50.759250505873055,38.11836511071614,onpolicy
309,256,89.3198363845475,149,18,33.571733651663585,50.48296636343002,58.203125,7.03125,37.585977550527126,56.51932247847654,onpolicy
310,256,28.495391918708584,178,3,22.239264409806598,4.728617191314697,69.53125,1.171875,78.04512558820241,16.594322355012547,onpolicy
311,208,34.028320369399644,162,2,21.987344439169675,11.37267780303955,77.88461538461539,0.9615384615384616,64.614839053126,33.4212140933837,onpolicy
312,256,24.30096841220942,165,2,18.62533124877656,4.343981504440308,64.453125,0.78125,76.64439923891561,17.875754705552318,onpolicy
313,256,88.9951545502032,158,12,55.68673462389503,30.034342408180237,61.71875,4.6875,62.57277141137105,33.74828951079299,onpolicy
314,256,13.102067243663726,160,3,6.01885376305629,5.568818032741547,62.5,1.171875,45.93819930184728,42.50335408280457,onpolicy
315,256,56.497113266749196,189,4,36.86089738199156,17.839734315872192,73.828125,1.5625,65.24385981980016,31.57636432085033,onpolicy
316,256,15.08401331384362,172,2,9.542525048758884,4.866077780723572,67.1875,0.78125,63.26250746544398,32.25983482961821,onpolicy
317,256,76.35597384385372,156,11,32.424245358786074,38.42140018939972,60.9375,4.296875,42.46458230641252,50.318787457246806,onpolicy
318,256,48.67900059997104,162,6,33.454543123233584,10.962519645690918,63.28125,2.34375,68.7247944922959,22.520017893911813,onpolicy
319,256,43.184560575019134,174,6,26.724943748033525,10.886726021766663,67.96875,2.34375,61.88541319439299,25.209764501029287,onpolicy
320,256,12.986916816440878,166,3,6.138022263046698,4.143317699432373,64.84375,1.171875,47.26312141520938,31.90378253741574,onpolicy
321,256,14.844462327937986,153,1,11.023000358980374,1.0453674793243408,59.765625,0.390625,74.25664948628392,7.042137709204256,onpolicy
322,256,56.71256959812909,160,5,28.640354357300517,22.062958359718323,62.5,1.953125,50.50089347079301,38.903118860701674,onpolicy
323,256,50.4370083426834,154,6,35.99696575957114,10.651055812835693,60.15625,2.34375,71.37014454742736,21.117540795578886,onpolicy
324,256,44.991353750919686,187,3,35.822076577095295,4.722011089324951,73.046875,1.171875,79.61991269569887,10.495374545666847,onpolicy
325,256,56.733304046917794,180,8,31.15815779797121,18.696034789085388,70.3125,3.125,54.92040049739351,32.95424989460156,onpolicy
326,256,47.70174434715241,148,6,24.00982836101604,15.768700122833252,57.8125,2.34375,50.33322929719932,33.056862675871045,onpolicy
327,256,45.87539905864934,157,4,35.572885748011345,7.5456430315971375,61.328125,1.5625,77.54240067216251,16.448125109386886,onpolicy
328,256,16.111894944593352,171,3,9.33883404446208,5.2064372301101685,66.796875,1.171875,57.96235685856368,32.314245146299726,onpolicy
329,256,14.904442961748707,181,0,12.645266378101176,0.0,70.703125,0.0,84.84226086512886,0.0,onpolicy
330,256,116.4941111870585,131,21,51.62574152328303,48.040436804294586,51.171875,8.203125,44.31618130498103,41.23851095542027,onpolicy
331,256,36.03942356183838,157,6,17.22775997375589,11.710116267204285,61.328125,2.34375,47.802540304773665,32.49251821997496,onpolicy
332,210,47.21419403813548,159,5,27.852777909573582,18.318877696990967,75.71428571428571,2.380952380952381,58.992382432868716,38.79951372715287,onpolicy
333,256,52.5311176530197,145,7,24.3414790998271,17.373695135116577,56.640625,2.734375,46.33725720554483,33.07314961367069,onpolicy
334,256,26.175316318631996,198,3,16.84858058553399,6.753087997436523,77.34375,1.171875,64.36820239509737,25.799451342750615,onpolicy
335,256,33.35875908996246,158,2,25.759895326607246,3.5820460319519043,61.71875,0.78125,77.2207840739445,10.737947482673988,onpolicy
336,256,73.30395709836974,142,8,44.803685584029175,15.999463319778442,55.46875,3.125,61.12041881164093,21.826193227615356,onpolicy
337,256,100.10637905664377,167,17,42.662253150880574,52.66653221845627,65.234375,6.640625,42.616917675886306,52.61056559508127,onpolicy
338,256,76.68337181288432,143,8,48.605513315585085,16.257002592086792,55.859375,3.125,63.38468453654825,21.200166617289113,onpolicy
339,256,80.07680270922249,162,7,44.658966288844105,27.10176157951355,63.28125,2.734375,55.77016661243482,33.84470990672087,onpolicy
340,256,68.05695462079926,147,15,30.199338124319077,28.973941802978516,57.421875,5.859375,44.37362543267502,42.573080098009015,onpolicy
341,256,13.424664216695799,192,0,12.45391049314825,0.0,75.0,0.0,92.76887892406087,0.0,onpolicy
342,256,81.8753055991576,168,8,62.42432032215216,13.366272687911987,65.625,3.125,76.24316009001184,16.325157616327125,onpolicy
343,256,47.96926562712096,187,7,28.44787640069304,15.161238312721252,73.046875,2.734375,59.3043817302242,31.606150551842845,onpolicy
344,256,38.41252082395502,136,6,14.410299442631398,22.4188095331192,53.125,2.34375,37.51458934099626,58.36328637702492,onpolicy
345,256,53.372684872278725,141,7,29.388592280317745,16.97778284549713,55.078125,2.734375,55.06298277975876,31.809872196096386,onpolicy
346,256,52.195564600571416,170,5,35.296843607475935,9.89473032951355,66.40625,1.953125,67.6242203290383,18.95703285371728,onpolicy
347,256,19.752694389276627,225,3,7.04675620839322,10.693458437919617,87.890625,1.171875,35.674911328647774,54.136707768459665,onpolicy
348,256,72.94969668975085,176,2,60.60118364944973,9.9837064743042,68.75,0.78125,83.07256424544389,13.685740897270751,onpolicy
349,256,27.707377389804208,200,3,17.423809034316196,7.520700216293335,78.125,1.171875,62.885089372362714,27.143313170667717,onpolicy
350,256,50.588982912354574,157,6,32.46843859611199,15.217409193515778,61.328125,2.34375,64.18084872819753,30.080480605589447,onpolicy
351,256,39.9754500793941,151,5,24.549015388914167,11.362990140914917,58.984375,1.953125,61.410228878369274,28.424921091187734,onpolicy
352,256,44.99060572115619,198,4,33.79306274019482,8.326255202293396,77.34375,1.5625,75.11137536053246,18.50665281969763,onpolicy
353,256,45.99845600843928,171,2,35.19860861411218,8.589009523391724,66.796875,0.78125,76.5212828179588,18.672386572749115,onpolicy
354,256,30.197763488139692,180,1,26.36723137230619,1.7118617296218872,70.3125,0.390625,87.31517942599305,5.668836138458494,onpolicy
355,256,15.160191283560264,138,3,8.257282211361083,4.953412294387817,53.90625,1.171875,54.46687351705973,32.67381131107037,onpolicy
356,256,55.488361951433404,185,8,34.936859808640634,16.17012929916382,72.265625,3.125,62.962499846759535,29.14147891645611,onpolicy
357,256,46.19385957414684,164,4,28.832964784517948,15.780617833137512,64.0625,1.5625,62.41731054803395,34.16172187952313,onpolicy
358,256,53.60450512809835,176,3,40.3031942391199,3.7141448259353638,68.75,1.171875,75.18620709734677,6.928792304041787,onpolicy
359,256,50.043490533053735,189,5,36.12067510601031,11.1072016954422,73.828125,1.953125,72.17856852361767,22.19509785814379,onpolicy
360,256,9.527851443419635,183,1,6.549778596883398,1.6502934694290161,71.484375,0.390625,68.7435004185227,17.32073048398318,onpolicy
361,256,35.67367609382728,179,6,22.74096698236534,8.844688415527344,69.921875,2.34375,63.74719253085407,24.793319287489314,onpolicy
362,256,21.426407029463732,187,4,10.244793174590445,7.715491235256195,73.046875,1.5625,47.81386426806275,36.00926289063081,onpolicy
363,256,31.94537123873788,187,4,20.001773265105232,8.998334407806396,73.046875,1.5625,62.612430187853015,28.16788178969339,onpolicy
364,256,69.4701920651546,185,5,45.81306639188253,19.648208379745483,72.265625,1.953125,65.94636495162621,28.282933724032098,onpolicy
365,256,8.150378586752824,166,0,7.7137977569888925,0.0,64.84375,0.0,94.64342882828136,0.0,onpolicy
366,212,16.07270121886416,152,1,13.444092220915092,1.0855292081832886,71.69811320754717,0.4716981132075472,83.64550574197241,6.753869143720707,onpolicy
367,256,49.71294831289717,158,6,30.035532169656047,11.158747911453247,61.71875,2.34375,60.41792568931955,22.4463611395953,onpolicy
368,256,29.221099945456075,172,1,21.513850212094873,3.842243194580078,67.1875,0.390625,73.62436818686665,13.148865722891971,onpolicy
369,256,40.794102149188255,164,9,19.14152522779426,18.71158802509308,64.0625,3.515625,46.92228586816722,45.868365864905826,onpolicy
370,256,71.24678392384409,163,11,37.59798123783242,28.347931265830994,63.671875,4.296875,52.771478468447114,39.78836616138658,onpolicy
371,256,29.91635237123656,158,1,25.044078612656406,0.9812261462211609,61.71875,0.390625,83.71367706156363,3.279899013238568,onpolicy
372,256,84.07358363656158,162,9,55.16487131287926,26.103933334350586,63.28125,3.515625,65.61498740359318,31.048912399397963,onpolicy
373,256,50.82646624572576,162,7,29.691273231891145,11.730054020881653,63.28125,2.734375,58.416953656281436,23.078633805017063,onpolicy
374,256,18.776187587649822,178,2,9.354574270223125,7.959348440170288,69.53125,0.78125,49.82147854325958,42.39065253803498,onpolicy
375,256,33.47298371369248,162,4,22.36557609728208,9.84259957075119,63.28125,1.5625,66.81679855188172,29.4046077724615,onpolicy
376,256,66.14086778316236,171,4,44.78069680620281,18.141566038131714,66.796875,1.5625,67.70503367602132,27.4286785858441,onpolicy
377,256,54.69040306760985,193,6,36.44145957566423,14.097654283046722,75.390625,2.34375,66.63227464353162,25.777199457862462,onpolicy
378,256,20.949782275448094,187,0,18.2089390647004,0.0,73.046875,0.0,86.91708021252421,0.0,onpolicy
379,256,41.63529140480107,155,5,32.83994361235386,6.179125428199768,60.546875,1.953125,78.87525823481327,14.841076451520253,onpolicy
380,256,40.12230044736251,176,5,22.622474490283768,8.351830065250397,68.75,1.953125,56.383792150609054,20.81593022366048,onpolicy
381,256,36.860301369413314,196,2,23.838101983795394,10.112425804138184,76.5625,0.78125,64.6714787947346,27.434463171615512,onpolicy
382,256,14.262493942224983,180,1,9.578138637077515,1.2852879762649536,70.3125,0.390625,67.15612764413419,9.011663608562737,onpolicy
383,256,31.903400072316735,184,4,21.578015123534588,8.979700684547424,71.875,1.5625,67.63547168835554,28.146531918832387,onpolicy
384,256,17.949647945970458,197,3,5.836891875059622,11.410357594490051,76.953125,1.171875,32.518141261761926,63.56869855518018,onpolicy
385,256,36.888379020201036,132,8,21.277788250120153,9.907281935214996,51.5625,3.125,57.681548539901634,26.8574608002957,onpolicy
386,256,18.5978113744431,178,2,11.455933165286101,5.750544309616089,69.53125,0.78125,61.59828667274641,30.920543250150505,onpolicy
387,256,120.33884396134772,162,19,57.045643816523835,57.06981664896011,63.28125,7.421875,47.40418134218294,47.42426864869225,onpolicy
388,256,49.075261212994846,157,8,30.160933077087748,13.923030197620392,61.328125,3.125,61.458527843966536,28.370771450796994,onpolicy
389,218,73.90719936761354,155,7,34.32442939296911,36.334206342697144,71.10091743119266,3.2110091743119265,46.44260597975009,49.161930980460006,onpolicy
390,256,37.57946379440444,198,2,32.72667478885316,3.2264288663864136,77.34375,0.78125,87.08659327312208,8.585617091393484,onpolicy
391,256,89.91480714486615,146,11,52.28011450362611,26.981760561466217,57.03125,4.296875,58.14405453753024,30.008139280101645,onpolicy
392,256,25.9220092723214,159,5,16.243786592233917,8.31932532787323,62.109375,1.953125,62.66407214651549,32.09367468576716,onpolicy
393,256,43.04084370437517,163,5,22.038476837228668,17.764994263648987,63.671875,1.953125,51.20363575723405,41.27473519261693,onpolicy
394,256,46.65179020316679,190,6,34.39486884317341,9.543220400810242,74.21875,2.34375,73.72679310565587,20.456279082217158,onpolicy
395,256,62.48151268238393,200,2,54.81388664599581,6.246213674545288,78.125,0.78125,87.72816836979375,9.996898932804406,onpolicy
396,256,62.797734231598746,151,12,22.862911775532186,34.3745658993721,58.984375,4.6875,36.407224011002555,54.738544821694234,onpolicy
397,256,46.219005875243006,196,2,33.84637717486506,10.197571277618408,76.5625,0.78125,73.23043093186631,22.06358852707537,onpolicy
398,188,37.114233411266405,132,5,25.723136656779875,10.926326513290405,70.2127659574468,2.6595744680851063,69.30801014192942,29.43972031488493,onpolicy
399,256,62.51780968184614,149,9,31.885698564384125,21.825478672981262,58.203125,3.515625,51.0025842662288,34.91081786782259,onpolicy
400,256,66.16645823973343,136,12,14.43059417730737,43.45081877708435,53.125,4.6875,21.80953093336602,65.6689506028174,onpolicy
401,256,43.19484445342391,146,10,18.143959553132238,17.027607440948486,57.03125,3.90625,42.004919297015846,39.42046245659941,onpolicy
402,256,17.84802280523808,184,4,10.624123697666594,5.685832738876343,71.875,1.5625,59.525493740116694,31.856933403332782,onpolicy
403,256,40.488483652580875,178,3,32.03594188865395,6.965891003608704,69.53125,1.171875,79.12359021282307,17.204623080925565,onpolicy
404,256,78.08041909933557,170,11,46.11842150018551,21.167786121368408,66.40625,4.296875,59.06528426994311,27.11023629937014,onpolicy
405,256,10.172276754275098,168,3,3.0935253580148205,5.8039082288742065,65.625,1.171875,30.411336938062625,57.05613766785298,onpolicy
406,256,14.450421946662889,158,1,11.131786239120718,2.490797996520996,61.71875,0.390625,77.03433353163392,17.236853053250872,onpolicy
407,256,76.55628144287404,186,13,32.13648268315941,40.60477292537689,72.65625,5.078125,41.97759096637878,53.03911339486361,onpolicy
408,256,28.847753327745668,138,2,22.347594937157968,2.5377063751220703,53.90625,0.78125,77.46736698439574,8.796894324111241,onpolicy
409,256,28.522883366355245,203,3,20.786486430330246,5.171422600746155,79.296875,1.171875,72.87652571215635,18.13078479592359,onpolicy
410,256,25.99091698548512,167,5,12.381839331814488,10.336083233356476,65.234375,1.953125,47.63910153200538,39.76805912284188,onpolicy
411,256,33.03678223035553,190,3,27.259746386864435,3.9437066316604614,74.21875,1.171875,82.51332165702591,11.93732066326007,onpolicy
412,256,39.88691147431689,171,5,16.226149911606466,18.056368470191956,66.796875,1.953125,40.68038690349454,45.26890602151139,onpolicy
413,256,8.147967290179754,151,3,2.678315243606177,4.458046913146973,58.984375,1.171875,32.87096214578803,54.713608368555725,onpolicy
414,256,57.835842890260274,150,10,27.650101648596532,23.012409567832947,58.59375,3.90625,47.8078995080279,39.789183346903904,onpolicy
415,256,22.876354730498598,193,3,13.203535724415476,7.827923774719238,75.390625,1.171875,57.716956569188945,34.21840527889308,onpolicy
416,256,40.84052822796627,173,5,22.27309969341357,15.446590185165405,67.578125,1.953125,54.53675713763583,37.82171988311376,onpolicy
417,256,26.570400697807802,183,2,18.764410392332945,5.066441535949707,71.484375,0.78125,70.6214806684534,19.06799070729752,onpolicy
418,256,41.95003971304503,184,7,23.039329845373214,11.26600205898285,71.875,2.734375,54.92087731733128,26.855760175787168,onpolicy
419,209,23.981409511361328,159,2,12.99227384019205,10.128289699554443,76.07655502392345,0.9569377990430622,54.17643960433971,42.233921633155504,onpolicy
420,168,33.845344487937254,118,6,18.03375880465051,15.135559439659119,70.23809523809524,3.5714285714285716,53.28283424941319,44.71976772183114,onpolicy
421,256,14.759728493229435,191,1,9.293381003535819,1.7068537473678589,74.609375,0.390625,62.96444414813503,11.56426250083682,onpolicy
422,256,28.432906247074666,178,3,23.100229707849174,3.6580471992492676,69.53125,1.171875,81.24470114702346,12.865540959695696,onpolicy
423,256,72.73771710133799,169,13,31.467201773440486,33.19493889808655,66.015625,5.078125,43.26118969282534,45.6364871224092,onpolicy
424,256,15.504058062723383,161,0,13.991642958466127,0.0,62.890625,0.0,90.24503715002477,0.0,onpolicy
425,256,12.890365692603881,203,1,10.74573256633799,1.2611314058303833,79.296875,0.390625,83.36251137160198,9.783519225943946,onpolicy
426,256,46.62557808558809,188,5,33.81925612825862,10.743213772773743,73.4375,1.953125,72.53369827646623,23.04145967488703,onpolicy
427,256,50.03887667673988,157,10,24.839645146597167,17.381484866142273,61.328125,3.90625,49.64069298970425,34.73596135746568,onpolicy
428,219,22.146607606343995,168,3,16.630269907928636,4.5267521142959595,76.71232876712328,1.36986301369863,75.0917260265397,20.43993461553566,onpolicy
429,256,43.82323633430666,167,6,25.93632251247847,13.499136567115784,65.234375,2.34375,59.183950529400846,30.803604882435614,onpolicy
430,256,48.33117813967169,161,8,17.970694784336988,19.988903641700745,62.890625,3.125,37.18240580108288,41.358196532960676,onpolicy
431,256,62.683106531265345,198,4,49.62474172852785,9.000625014305115,77.34375,1.5625,79.16764894824702,14.35893259345043,onpolicy
432,256,39.49964066901779,166,4,26.30764675724984,10.598171472549438,64.84375,1.5625,66.60224323985986,26.831057936337867,onpolicy
433,256,41.81489837986231,173,3,32.37716160541303,5.102818250656128,67.578125,1.171875,77.42972686741142,12.203349639404122,onpolicy
434,256,40.199479120960035,195,4,25.834380037217088,11.936046600341797,76.171875,1.5625,64.26545965802583,29.692042935248715,onpolicy
435,256,31.876679168105643,155,7,14.139972957481792,16.035221815109253,60.546875,2.734375,44.358362685500836,50.303928243420565,onpolicy
436,250,63.172245621541315,204,5,52.58370200477919,10.24231207370758,81.6,2.0,83.23861450137922,16.213310090428415,onpolicy
437,256,45.43504650864131,173,8,25.87440052604713,13.519788265228271,67.578125,3.125,56.94811057610796,29.75629894569809,onpolicy
438,256,16.125594160577158,152,5,5.785157857967737,7.899023532867432,59.375,1.953125,35.87562604118444,48.98438751595565,onpolicy
439,256,42.936043675184365,191,5,21.465138861063714,18.66390722990036,74.609375,1.953125,49.9932854164434,43.46908944637461,onpolicy
440,256,13.022665672065997,180,5,4.152572133166466,7.040012061595917,70.3125,1.953125,31.887266691287756,54.059685158753254,onpolicy
441,256,71.60996952242307,173,10,40.285455154585925,27.1556493639946,67.578125,3.90625,56.25676902707161,37.92160441499896,onpolicy
442,256,94.40879643918369,146,15,44.60193717592969,46.44958955049515,57.03125,5.859375,47.243412540124254,49.20048904597261,onpolicy
443,256,78.19955489767185,160,14,37.71866863021897,36.34511590003967,62.5,5.46875,48.233866138465615,46.477394849112805,onpolicy
444,256,22.424399594339306,190,4,11.657737847839185,7.39086377620697,74.21875,1.5625,51.986844948936785,32.95902637265115,onpolicy
445,256,76.35417072927616,167,13,28.3795677173885,38.81400454044342,65.234375,5.078125,37.16832682003976,50.83416422406527,onpolicy
446,256,55.32181618471453,178,8,36.29423657491409,16.659228086471558,69.53125,3.125,65.60564905123672,30.113306531455702,onpolicy
447,256,89.268858230153,138,13,37.83112621171443,45.630052506923676,53.90625,5.078125,42.378861970182484,51.11530875557998,onpolicy
448,256,36.190168238590374,162,5,19.062142682686176,12.8296799659729,63.28125,1.953125,52.672158242027166,35.45073314219172,onpolicy
449,256,88.69301880003447,137,10,53.31200287587032,25.640866696834564,53.515625,3.90625,60.10845452906109,28.90967862379784,onpolicy
450,256,40.725114962803794,187,5,27.318401877191132,11.074329495429993,73.046875,1.953125,67.0799871335964,27.19287472986807,onpolicy
451,256,19.857341270876162,158,1,17.522063389900133,1.1979669332504272,61.71875,0.390625,88.23972530299879,6.0328667212232965,onpolicy
452,256,46.39208239087242,199,3,18.638916291284186,25.462489128112793,77.734375,1.171875,40.176933930759205,54.88541970067398,onpolicy
453,256,30.926625999091357,169,4,19.44767654012197,9.81869125366211,66.015625,1.5625,62.883279089976895,31.7483428484911,onpolicy
454,256,52.58618858292817,140,6,17.710189800792477,27.696865797042847,54.6875,2.34375,33.67840544834998,52.669468055029355,onpolicy
455,256,34.564702464263874,169,4,17.68445394100186,14.218894362449646,66.015625,1.5625,51.16333334356242,41.137036770822576,onpolicy
456,256,11.672282482358767,143,3,5.024087701432198,3.73696506023407,55.859375,1.171875,43.04288993198627,32.01571814152062,onpolicy
457,256,37.38605033253243,208,2,31.182910415151355,3.2246533632278442,81.25,0.78125,83.40787576594244,8.625284924580091,onpolicy
458,256,45.94420074397741,165,8,20.466609888315123,21.171404778957367,64.453125,3.125,44.54666651481141,46.08069013309066,onpolicy
459,256,77.58015134171964,161,15,37.83241266780524,36.258054077625275,62.890625,5.859375,48.765582450546745,46.736250768470825,onpolicy
460,256,28.327470440792105,193,4,18.554706287372753,7.15571403503418,75.390625,1.5625,65.50075244506695,25.26068838370338,onpolicy
461,256,32.8259522190968,194,6,15.434150886170567,14.884231865406036,75.78125,2.34375,47.018136086823425,45.342879213560174,onpolicy
462,256,59.793321457078726,167,9,39.547810373237205,14.798414468765259,65.234375,3.515625,66.14084885989432,24.749276521438876,onpolicy
463,256,48.07083119068866,168,10,16.30891260608775,25.352818489074707,65.625,3.90625,33.926837132050245,52.74054527683216,onpolicy
464,256,18.832906108564593,160,5,10.243892300768612,5.739423513412476,62.5,1.953125,54.39358239093022,30.47550643712057,onpolicy
465,256,28.107536268471396,152,6,15.176134790851911,11.42560613155365,59.375,2.34375,53.99311645779209,40.649618032761936,onpolicy
466,256,43.24984144634488,169,4,36.526001336434625,5.17065703868866,66.015625,1.5625,84.45349188562517,11.955320218001956,onpolicy
467,256,23.731701055261574,159,1,14.40965745605798,8.620333671569824,62.109375,0.390625,60.719024828872115,36.324128858258156,onpolicy
468,256,36.519338458918014,167,7,15.539719058374887,16.23968803882599,65.234375,2.734375,42.55202781358185,44.468735536090364,onpolicy
469,256,33.18011177505191,158,7,11.1985483459697,18.142966389656067,61.71875,2.734375,33.75078547622578,54.68024493907143,onpolicy
470,256,97.16913644960016,121,16,47.21531150304005,32.8374285697937,47.265625,6.25,48.590852227579234,33.79409323744054,onpolicy
471,256,26.084006838226806,195,0,25.30787180262856,0.0,76.171875,0.0,97.02447925116782,0.0,onpolicy
472,256,37.766732319416334,180,5,19.790797777466672,15.517249345779419,70.3125,1.953125,52.40272737944019,41.08708483048139,onpolicy
473,213,38.39447259005697,156,2,34.10235309867811,4.219104766845703,73.2394366197183,0.9389671361502347,88.82099635224473,10.988833762332566,onpolicy
474,256,15.942627003253552,189,0,14.826301743950996,0.0,73.828125,0.0,92.99785876521644,0.0,onpolicy
475,256,47.43778730430847,162,3,32.24595871759914,11.121606349945068,63.28125,1.171875,67.97525886008272,23.444614477064707,onpolicy
476,251,52.604953005038915,171,6,31.23715472194537,17.297745645046234,68.12749003984064,2.3904382470119523,59.38063421319516,32.88235167397511,onpolicy
477,256,12.64215297337646,192,1,9.232168785173686,1.7190622091293335,75.0,0.390625,73.02687132971754,13.597859579373585,onpolicy
478,256,43.69842842370536,171,9,9.992116699554838,30.79206120967865,66.796875,3.515625,22.866077934588496,70.46491674967123,onpolicy
479,256,42.83717658746665,182,5,26.447305062747805,13.968566060066223,71.09375,1.953125,61.73914148787711,32.60851244839783,onpolicy
480,256,32.87191849212864,167,3,20.531848143200396,6.563284754753113,65.234375,1.171875,62.460145574152776,19.966235789750836,onpolicy
481,256,18.65404574870876,184,4,10.288636730870564,6.898733973503113,71.875,1.5625,55.15498819650288,36.98250806520428,onpolicy
482,256,70.86456513391087,141,9,35.676951918232014,25.435322523117065,55.078125,3.515625,50.34526332139939,35.89286475554125,onpolicy
483,207,12.769513350107129,146,4,4.434737762321788,7.391693711280823,70.53140096618357,1.932367149758454,34.72910549315948,57.88547698427999,onpolicy
484,256,25.73519674792418,170,0,22.551090586606104,0.0,66.40625,0.0,87.627426389989,0.0,onpolicy
485,256,69.56580628599558,164,10,42.84931992072348,18.99230408668518,64.0625,3.90625,61.5953759589351,27.301206010040246,onpolicy
486,256,26.479217115146124,140,7,9.91349329763208,13.951431632041931,54.6875,2.734375,37.43877039310787,52.68823308247171,onpolicy
487,256,29.210158286195757,219,2,22.956352831590955,3.5510066747665405,85.546875,0.78125,78.59030617591606,12.156752592623533,onpolicy
488,256,24.274211718532403,197,3,15.023443361794381,8.449491083621979,76.953125,1.171875,61.89055091055573,34.80850864117299,onpolicy
489,256,58.22703054725612,155,11,32.66875824088115,17.460480451583862,60.546875,4.296875,56.105829086317065,29.98689833137415,onpolicy
490,256,31.713613814311305,177,5,20.39610672209669,8.233453035354614,69.140625,1.953125,64.31341076901366,25.96188842924968,onpolicy
491,256,153.50716057118984,132,24,71.5597231849722,72.03095746040344,51.5625,9.375,46.61653757303781,46.92351626619963,onpolicy
492,256,58.536901371724916,175,10,26.755387069370002,26.550078511238098,68.359375,3.90625,45.70687283132083,45.356139271257334,onpolicy
493,256,73.13463984178215,148,15,39.29847871106427,24.93394935131073,57.8125,5.859375,53.734425705905885,34.09321411201625,onpolicy
494,256,33.04941543972957,168,4,19.91036436598642,5.566553711891174,65.625,1.5625,60.244225506184435,16.84312305626887,onpolicy
495,256,44.586157103752996,209,5,30.733992823879415,12.337446928024292,81.640625,1.953125,68.9316927501976,27.671025559154547,onpolicy
496,256,92.65678930600434,174,8,47.69194256634997,34.51283133029938,67.96875,3.125,51.471611442141175,37.24803286278222,onpolicy
497,249,24.075518740634354,204,6,14.126739742793008,9.24581652879715,81.92771084337349,2.4096385542168677,58.676782398669886,38.403394869295916,onpolicy
498,256,19.22529130409914,150,2,16.265448683235803,2.24049311876297,58.59375,0.78125,84.6044329105575,11.653883851867882,onpolicy
499,256,48.037857833831836,164,6,34.68077352826778,10.853599190711975,64.0625,2.34375,72.19467122833066,22.593845104949835,onpolicy
0,256,35.071216463299834,156,4,21.411013567775626,8.476237416267395,60.9375,1.5625,61.050102411420816,24.168643893881832,offpolicy
1,256,41.431577548248356,198,7,20.682768460212287,15.379333257675171,77.34375,2.734375,49.92030157704365,37.11983508174522,offpolicy
2,256,27.037872583324514,198,2,23.215260147180032,3.225599765777588,77.34375,0.78125,85.86200735888497,11.929931823729955,offpolicy
3,256,47.926371950339956,182,6,27.36503646662851,17.48428452014923,71.09375,2.34375,57.09807638888969,36.48155244938212,offpolicy
4,252,32.91453032553039,155,6,16.194596621635128,12.34839677810669,61.507936507936506,2.380952380952381,49.20196782839606,37.516551674834524,offpolicy
5,256,45.58263388743649,159,5,28.54095769559717,8.916038393974304,62.109375,1.953125,62.61366503321707,19.56016498737636,offpolicy
6,256,52.68178037709845,177,3,32.85413448603208,10.845584750175476,69.140625,1.171875,62.36337164549256,20.586974609708165,offpolicy
7,256,51.798969690269814,157,3,32.571771220137634,6.80813992023468,61.328125,1.171875,62.88111793516249,13.143388683102621,offpolicy
8,256,41.54824677705051,161,6,20.93340844350928,14.4629967212677,62.890625,2.34375,50.38337370969888,34.81012519944993,offpolicy
9,256,48.14286169222919,198,4,26.973482569792623,17.029603600502014,77.34375,1.5625,56.028000043351085,35.37306051594932,offpolicy
10,256,64.00968941123529,186,6,41.114383070213535,19.120208382606506,72.65625,2.34375,64.23149908769427,29.870803246313574,offpolicy
11,256,19.85792843096823,177,4,9.102460724538219,9.20174777507782,69.140625,1.5625,45.83791686117182,46.337903810388354,offpolicy
12,256,73.08434615258642,175,10,45.04302938711646,23.003220558166504,68.359375,3.90625,61.63156921876958,31.47489410405354,offpolicy
13,256,33.72331259693209,194,2,24.14077804882794,3.660051941871643,75.78125,0.78125,71.58483609651117,10.853180366998137,offpolicy
14,256,41.330650404691085,164,6,25.64412903431497,13.412938237190247,64.0625,2.34375,62.04627506032262,32.45276352018854,offpolicy
15,256,47.27576314399687,154,7,23.415482863654574,15.93257462978363,60.15625,2.734375,49.52957140497879,33.7013589421174,offpolicy
16,256,23.765242102262164,192,1,19.167368152629024,1.359078288078308,75.0,0.390625,80.65294714925089,5.718764749924177,offpolicy
17,256,55.21401232994788,190,4,35.11598883946829,16.557747960090637,74.21875,1.5625,63.59977722615442,29.988307788872238,offpolicy
18,183,8.06194338104767,129,1,3.831959777063304,1.2731168270111084,70.49180327868852,0.546448087431694,47.53146475912525,15.791686530619913,offpolicy
19,256,25.38127415336203,165,2,15.814776117702422,3.334757685661316,64.453125,0.78125,62.308834545280625,13.138653581816303,offpolicy
20,256,108.22923419000034,141,13,47.62501184053036,55.48750364780426,55.078125,5.078125,44.0038333422215,51.26849881464923,offpolicy
21,256,59.55980296428311,186,8,37.29537948413122,13.761578559875488,72.65625,3.125,62.618372841993036,23.105480332310783,offpolicy
22,256,145.64409198413125,149,21,63.06181031722281,61.26515233516693,58.203125,8.203125,43.298570822971485,42.064975997682154,offpolicy
23,256,45.92981896434139,190,3,30.96240792023127,5.792135953903198,74.21875,1.171875,67.41243187627107,12.610839939081947,offpolicy
24,256,12.034840154001813,134,0,6.8975927291076005,0.0,52.34375,0.0,57.31353836730453,0.0,offpolicy
25,256,40.905887027374774,150,4,21.584004266822376,9.327595114707947,58.59375,1.5625,52.7650317236198,22.80257388983105,offpolicy
26,256,31.012623667416733,188,1,25.774624333091538,1.2139711380004883,73.4375,0.390625,83.1101057733839,3.9144419092665848,offpolicy
27,256,22.18388051088226,193,0,18.166444033251935,0.0,75.390625,0.0,81.89028977297465,0.0,offpolicy
28,256,39.667419728177265,194,5,21.637407392694513,12.372257351875305,75.78125,1.953125,54.54705030215173,31.189972618982384,offpolicy
29,256,30.71306139577041,181,1,23.819736303901436,1.2725870609283447,70.703125,0.390625,77.55572131660482,4.143471875140381,offpolicy
30,256,27.906602277051405,212,2,19.47626086060839,5.098302960395813,82.8125,0.78125,69.79087123273483,18.269164084473047,offpolicy
31,256,66.90960446857815,157,5,48.91673254915548,15.262868642807007,61.328125,1.953125,73.10868587203738,22.811177504381604,offpolicy
32,256,42.72051721086996,180,4,31.779983014119807,6.627843737602234,70.3125,1.5625,74.39044536200886,15.514427657528037,offpolicy
33,256,18.136290174932128,174,3,9.364851912470385,5.939986348152161,67.96875,1.171875,51.63598410778864,32.75193708778642,offpolicy
34,186,35.83907556517697,141,3,28.371531796635793,5.2002174854278564,75.80645161290323,1.6129032258064515,79.16368195669361,14.509909654256392,offpolicy
35,256,27.65229021284631,157,4,15.47626330462117,6.465831398963928,61.328125,1.5625,55.96738348070507,23.382625269714996,offpolicy
36,256,39.218452344586694,161,3,26.555446751193813,7.47846531867981,62.890625,1.171875,67.711613191333,19.068741553010465,offpolicy
37,256,42.559357303982324,160,7,21.652262049501587,13.234373927116394,62.5,2.734375,50.875444135232655,31.096272983140278,offpolicy
38,256,45.15865285383961,175,7,26.53369772189808,10.700302481651306,68.359375,2.734375,58.7566192635927,23.69491073235484,offpolicy
39,256,32.86806570087845,168,2,21.671209210003212,5.834280729293823,65.625,0.78125,65.93393541082041,17.75060565592667,offpolicy
40,256,39.16336778873861,199,3,28.25925898170334,6.291330337524414,77.734375,1.171875,72.1573771033789,16.064324119064857,offpolicy
41,256,38.767662479060164,163,5,21.295665912082768,12.031381487846375,63.671875,1.953125,54.93151908136153,31.034580674924534,offpolicy
42,256,32.72986107962652,167,6,10.726768916867513,10.975202083587646,65.234375,2.34375,32.7736463371201,33.53268764840381,offpolicy
43,256,36.789456313172664,193,3,29.59471383648561,4.50180459022522,75.390625,1.171875,80.44346615116751,12.236670615361403,offpolicy
44,161,27.579620866608366,120,2,19.614230215028556,5.992655515670776,74.53416149068323,1.2422360248447204,71.11856363035145,21.728563799534673,offpolicy
45,256,45.71244928829219,181,6,29.518736106978395,8.102820038795471,70.703125,2.34375,64.57482932234544,17.725630905694555,offpolicy
46,248,31.758131679407875,197,3,23.592665261953925,7.23579728603363,79.43548387096774,1.2096774193548387,74.28858063855036,22.78407734774069,offpolicy
47,256,24.839507063367364,198,1,20.718467259456247,2.1315321922302246,77.34375,0.390625,83.4093333921722,8.58121776246418,offpolicy
48,256,57.37216515473301,144,7,31.76060375196721,13.608609914779663,56.25,2.734375,55.35890734872687,23.719882068381374,offpolicy
49,256,49.31376145189802,132,4,29.94292341226037,9.133988499641418,51.5625,1.5625,60.71920399231259,18.5221898121703,offpolicy
50,256,43.738974986598805,179,2,33.00166036074461,4.140043020248413,69.921875,0.78125,75.45138030979463,9.465340743620265,offpolicy
51,256,18.7823125470386,145,1,12.430686606405743,1.4497660398483276,56.640625,0.390625,66.18293980187059,7.718783489613006,offpolicy
52,256,25.849235658112434,167,5,13.97398037581172,9.24908709526062,65.234375,1.953125,54.05954961544936,35.780892006212646,offpolicy
53,256,27.64506309642286,186,1,22.22069220109381,1.5403666496276855,72.65625,0.390625,80.37851866566751,5.57194116090479,offpolicy
54,256,29.794024759412423,189,2,20.1136040992169,2.5272339582443237,73.828125,0.78125,67.50885206558969,8.482351675048296,offpolicy
55,256,31.81825234826374,143,5,17.164762705599742,8.533791422843933,55.859375,1.953125,53.94627749420181,26.82042787717599,offpolicy
56,231,20.30241558310763,178,3,13.126178493347652,4.793081760406494,77.05627705627705,1.2987012987012987,64.65328443118425,23.60843093170902,offpolicy
57,256,31.440564714934894,181,6,17.284223328855873,11.727842807769775,70.703125,2.34375,54.974277611004624,37.30162900731492,offpolicy
58,256,45.044457406324,180,6,21.350135263579432,12.132930994033813,70.3125,2.34375,47.39791861846689,26.935458195419212,offpolicy
59,256,24.11295117595955,176,1,18.22253029501053,1.3968876600265503,68.75,0.390625,75.57154726534787,5.793101183812116,offpolicy
60,256,95.74221221549487,154,8,54.1917558571713,26.549285888671875,60.15625,3.125,56.601737732148344,27.7299691267998,offpolicy
61,256,54.60958962027041,163,9,27.513459973624663,18.64711880683899,63.671875,3.515625,50.38210351870508,34.146235004698525,offpolicy
62,186,38.653521264004745,134,3,30.986687664290912,5.311612248420715,72.04301075268818,1.6129032258064515,80.16523889932532,13.741599923438384,offpolicy
63,256,22.995653748657674,188,2,11.95203953778389,5.752640247344971,73.4375,0.78125,51.975210917765565,25.016206585041182,offpolicy
64,256,56.703013033652496,167,5,33.719031638261185,13.842611193656921,65.234375,1.953125,59.46603158151293,24.41247907838956,offpolicy
65,256,91.3107381135701,137,16,44.5603965092082,32.67172038555145,53.515625,6.25,48.80082828131896,35.78080854511892,offpolicy
66,256,8.219452078668269,179,0,6.454981150115941,0.0,69.921875,0.0,78.53298599876732,0.0,offpolicy
67,256,87.633373728202,183,13,46.48436761666586,33.641501903533936,71.484375,5.078125,53.04413791124688,38.388915629191956,offpolicy
68,256,44.53646308605215,192,3,34.25836641621203,4.995764493942261,75.0,1.171875,76.92206350113375,11.21724570783625,offpolicy
69,256,54.82024088609462,148,9,33.72213773019742,14.427971720695496,57.8125,3.515625,61.5140269089025,26.318694495841243,offpolicy
70,256,25.186679730685682,159,1,19.75628279240209,1.216651201248169,62.109375,0.390625,78.4394092577928,4.830534291369443,offpolicy
71,256,62.565685754317784,179,4,46.13144324166217,6.335367918014526,69.921875,1.5625,73.73281805430949,10.125946581792736,offpolicy
72,256,11.56418695178786,175,1,7.734611935638213,1.7913286685943604,68.359375,0.390625,66.88418276083316,15.490312255090403,offpolicy
73,256,133.25381617414882,142,13,81.31303582842634,35.85081601142883,55.46875,5.078125,61.02116859614639,26.904157074627836,offpolicy
74,256,33.576660363227006,167,3,21.649910464931622,5.2140796184539795,65.234375,1.171875,64.47904654818649,15.528880960908232,offpolicy
75,256,17.78814406851734,189,2,11.724140780545895,2.335370898246765,73.828125,0.78125,65.90985959741619,13.128805845349895,offpolicy
76,256,49.01149732322983,149,9,24.263827067248258,16.117908000946045,58.203125,3.515625,49.50639827881366,32.88597345771497,offpolicy
77,256,16.278109791018778,188,1,11.643156123883273,3.7185332775115967,73.4375,0.390625,71.52646267509034,22.843765801132793,offpolicy
78,256,20.857794953672055,195,2,15.580854507307322,3.268797278404236,76.171875,0.78125,74.70039158940088,15.671825740279212,offpolicy
79,256,46.37067882390912,193,7,23.648396835882664,18.98536741733551,75.390625,2.734375,50.99859962302158,40.942612657088155,offpolicy
80,256,41.88347442229775,203,0,38.91863760021528,0.0,79.296875,0.0,92.92122522551743,0.0,offpolicy
81,256,32.21726325366535,164,4,16.364858953425482,8.471373677253723,64.0625,1.5625,50.79531065247653,26.294516733322894,offpolicy
82,256,19.52373810416475,196,2,12.532666677202087,3.675161123275757,76.5625,0.78125,64.1919421902543,18.82406485718932,offpolicy
83,256,37.12014030737208,177,8,18.66292938265468,15.244448781013489,69.140625,3.125,50.27709816858697,41.06786411576664,offpolicy
84,256,80.94428603469356,159,13,47.18373412870466,25.635952830314636,62.109375,5.078125,58.29161814890951,31.671108717083253,offpolicy
85,256,35.53943613073466,173,7,18.141095834722364,14.349148392677307,67.578125,2.734375,51.04497372436887,40.37528434579777,offpolicy
86,256,75.19830926026052,160,9,52.16978946200069,14.055734038352966,62.5,3.515625,69.37627983289043,18.69155593605998,offpolicy
87,256,36.7700493184966,191,2,27.136080364056397,4.02803373336792,74.609375,0.78125,73.79941247564771,10.954659588508303,offpolicy
88,256,37.95836862001522,164,3,19.755280908095187,13.979241251945496,64.0625,1.171875,52.04459945541059,36.827824166748634,offpolicy
89,256,56.18161505935518,146,11,27.376468181771315,25.340684413909912,57.03125,4.296875,48.728517599304354,45.10494115759718,offpolicy
90,256,37.56059702608991,182,5,17.35809876864687,17.146468997001648,71.09375,1.953125,46.213585893189574,45.65015030270037,offpolicy
91,256,33.95592553606639,156,4,22.350971282338833,8.631887197494507,60.9375,1.5625,65.8234783163212,25.420856776017256,offpolicy
92,256,63.54873079578459,158,10,28.885460390058086,28.723667979240417,61.71875,3.90625,45.4540319347718,45.19943611705579,offpolicy
93,256,22.391235320625015,186,3,13.552079143703736,5.486034989356995,72.65625,1.171875,60.524035184519924,24.50081431775092,offpolicy
94,256,29.93080909188393,173,1,21.280821626050965,1.4652681350708008,67.578125,0.390625,71.10005466514934,4.895517961350816,offpolicy
95,256,23.269898358034425,192,2,15.149325635000878,2.664243221282959,75.0,0.78125,65.10267213853237,11.449311811725524,offpolicy
96,163,13.652029223779568,119,0,12.558149187802357,0.0,73.00613496932516,0.0,91.98741800177329,0.0,offpolicy
97,188,20.111934511671436,140,1,14.978912089688976,4.192623138427734,74.46808510638297,0.5319148936170213,74.47772903693752,20.84644386642496,offpolicy
98,256,76.02218846262338,170,6,54.200419285430144,16.53697633743286,66.40625,2.34375,71.29552618980182,21.752828577887275,offpolicy
99,256,30.683197739087518,152,4,12.874039756016828,14.618677854537964,59.375,1.5625,41.95794670910883,47.64391892542262,offpolicy
100,227,38.938705996061756,172,3,27.133231888813718,6.501752853393555,75.77092511013215,1.3215859030837005,69.6819044052413,16.697403488578022,offpolicy
101,256,39.23585878757902,175,4,27.823054294907735,6.078913927078247,68.359375,1.5625,70.91231122412883,15.493260794899848,offpolicy
102,256,41.62929205881869,153,7,22.57322523626067,12.851931929588318,59.765625,2.734375,54.22437932493927,30.872328819403457,offpolicy
103,256,62.286568504538536,157,10,24.09412932386931,30.75827407836914,61.328125,3.90625,38.68270463818163,49.38187287701991,offpolicy
104,256,5.0964694524924425,188,0,4.5996428256308945,0.0,73.4375,0.0,90.25155293300986,0.0,offpolicy
105,256,73.26416456180425,159,11,37.5274146246378,25.962560892105103,62.109375,4.296875,51.222060401685724,35.436916598159776,offpolicy
106,172,37.81782134479743,132,1,32.490142612689446,2.9119205474853516,76.74418604651163,0.5813953488372093,85.91225368713391,7.699863302373822,offpolicy
107,256,15.28056703473817,197,3,7.463070472262643,4.4555805921554565,76.953125,1.171875,48.84027179944584,29.158476789678915,offpolicy
108,256,24.785034509665138,181,1,17.183325259013372,1.320942997932434,70.703125,0.390625,69.32943850577487,5.32959918783781,offpolicy
109,256,36.51010221683226,195,2,28.683469445090175,4.9142539501190186,76.171875,0.78125,78.5631036438628,13.4599840913439,offpolicy
110,256,51.42139611856511,178,6,35.82411628671436,11.40284514427185,69.53125,2.34375,69.66772392587852,22.175292786644086,offpolicy
111,256,39.434805250017234,179,3,29.439471469398995,4.99326765537262,69.921875,1.171875,74.65352315740454,12.66208270515153,offpolicy
112,256,33.73149717607157,145,6,14.518836448081856,9.002864003181458,56.640625,2.34375,43.042371858848945,26.689784791313397,offpolicy
113,256,23.709508319997525,196,2,15.344466773431208,5.478625059127808,76.5625,0.78125,64.71862075895132,23.107290902810167,offpolicy
114,256,33.3490074698193,196,2,24.52426789989113,7.154581785202026,76.5625,0.78125,73.53822425475624,21.453657329013136,offpolicy
115,256,41.82381531642841,160,4,31.118462874879697,5.676055073738098,62.5,1.5625,74.40369234476883,13.571346924699483,offpolicy
116,256,66.22721260078546,186,6,39.848756227608504,18.638392567634583,72.65625,2.34375,60.1697620399864,28.143102866167627,offpolicy
117,256,68.94671154390971,119,10,28.003314527019484,30.550105214118958,46.484375,3.90625,40.6158813088354,44.309735054822276,offpolicy
118,256,78.77799480495489,146,10,36.29380883385167,28.69085192680359,57.03125,3.90625,46.0709985367245,36.419880955130665,offpolicy
119,256,45.84983466288759,148,4,26.661964676773096,8.174004554748535,57.8125,1.5625,58.15062338349978,17.827773240292295,offpolicy
120,256,111.497717090006,131,15,58.62138402993918,41.48749041557312,51.171875,5.859375,52.57630878901076,37.209273425824975,offpolicy
121,256,31.74191532871481,217,2,27.172241250797356,3.511373996734619,84.765625,0.78125,85.60365992223673,11.062262501715237,offpolicy
122,256,43.712923493610106,179,5,27.685576592959478,10.762414455413818,69.921875,1.953125,63.33499198928325,24.620669576096994,offpolicy
123,256,60.14852371489701,159,6,39.859069708405514,9.39876389503479,62.109375,2.34375,66.26774398875828,15.625926148386904,offpolicy
124,256,48.47993923797469,172,5,23.193891961352733,15.436644792556763,67.1875,1.953125,47.84224635163071,31.841303919096347,offpolicy
125,256,46.40603826306227,185,8,24.484933039593614,15.872335314750671,72.265625,3.125,52.76238600846658,34.2031681842243,offpolicy
126,256,84.36196932219605,162,18,36.521636799372345,35.88398206233978,63.28125,7.03125,43.291588725114465,42.535733044935604,offpolicy
127,256,72.24941264842624,162,11,39.34846791010659,20.248519897460938,63.28125,4.296875,54.461990025553085,28.025860910444365,offpolicy
128,244,64.53582408552214,118,7,28.984558928578394,26.519495248794556,48.36065573770492,2.8688524590163933,44.912355795082725,41.09267313864502,offpolicy
129,256,16.615189170512537,193,2,9.62642725720707,4.031654596328735,75.390625,0.78125,57.93751222701317,24.264873273208536,offpolicy
130,256,78.70610859410309,151,19,35.193420230614265,35.91867995262146,58.984375,7.421875,44.714979382491116,45.636457695880296,offpolicy
131,256,25.986172509260882,195,4,13.717293732325174,10.818907976150513,76.171875,1.5625,52.78689552082609,41.63332623261429,offpolicy
132,256,29.25101326796721,179,3,18.32519620763742,4.62274432182312,69.921875,1.171875,62.64807321292129,15.8037066253889,offpolicy
133,256,36.34220358763662,178,4,22.679941789824852,10.49012804031372,69.53125,1.5625,62.40662246892597,28.864865101032,offpolicy
134,256,85.28065849431732,171,6,62.49918599735429,11.792621731758118,66.796875,2.34375,73.28647210377594,13.828014393842794,offpolicy
135,256,53.35460282870618,180,7,30.52664525110147,15.941623091697693,70.3125,2.734375,57.21464247256534,29.878627609464054,offpolicy
136,256,70.6056523383611,176,9,43.9399778739446,18.88029682636261,68.75,3.515625,62.232946539991616,26.740489183335065,offpolicy
137,256,29.50955996135872,148,4,14.236102704452605,10.598450183868408,57.8125,1.5625,48.24234154319503,35.9153108272253,offpolicy
138,256,63.06124534409969,173,7,37.750507577577764,19.128004908561707,67.578125,2.734375,59.863244646674076,30.33242493735721,offpolicy
139,256,33.7246972036055,167,5,17.78880435834253,12.418704271316528,65.234375,1.953125,52.74711363884605,36.82376804257518,offpolicy
140,256,164.81410131767802,149,23,66.5768148370505,82.72201418876648,58.203125,8.984375,40.39509623556067,50.19110229489428,offpolicy
141,256,17.22241173276211,184,0,14.693998221637003,0.0,71.875,0.0,85.31905083702465,0.0,offpolicy
142,256,45.401018160197964,195,3,33.86808332433702,6.083731174468994,76.171875,1.171875,74.59762951754328,13.399988416564769,offpolicy
143,256,31.785886709108127,217,3,21.217475577169353,6.464939117431641,84.765625,1.171875,66.75124646149816,20.339023971853322,offpolicy
144,256,29.877338507145396,187,1,23.217975752753773,4.4598388671875,73.046875,0.390625,77.71099071358385,14.927162491802592,offpolicy
145,256,27.934078566108838,163,1,19.708235858709486,2.35172176361084,63.671875,0.390625,70.55266137405586,8.41882705400592,offpolicy
146,251,60.56096526758989,196,8,32.21604888583755,22.72209858894348,78.08764940239044,3.187250996015936,53.19606241989418,37.51937983244721,offpolicy
147,256,74.02238564094864,154,13,39.151750191626434,27.078510642051697,60.15625,5.078125,52.89177031058558,36.58151572336256,offpolicy
148,256,30.22345264094099,162,3,21.82568552227235,5.135046124458313,63.28125,1.171875,72.21440178117525,16.99026972683567,offpolicy
149,256,41.03011872967818,173,4,27.761254110466325,7.502142548561096,67.578125,1.5625,67.66067213543272,18.284476820523057,offpolicy
150,256,44.9447843115031,157,5,22.98384635639195,11.663087725639343,61.328125,1.953125,51.137961186098075,25.94981354188924,offpolicy
151,256,67.40842220798683,167,6,43.29156286833356,11.977405786514282,65.234375,2.34375,64.2227802554978,17.76841141535449,offpolicy
152,256,28.731519889356676,153,4,14.762239529605878,12.008912920951843,59.765625,1.5625,51.379946436716054,41.79699844351232,offpolicy
153,256,20.6884077696115,196,1,16.795444276514843,1.5041965246200562,76.5625,0.390625,81.18287527755083,7.270721562388766,offpolicy
154,256,30.93941276677296,169,0,28.924158922705203,0.0,66.015625,0.0,93.48645089272017,0.0,offpolicy
155,256,59.789123747665144,172,6,31.36729988123625,20.50033962726593,67.1875,2.34375,52.463220591121626,34.28774054924413,offpolicy
156,256,44.266155446582175,163,1,36.240915754806124,1.2883591651916504,63.671875,0.390625,81.87048409600322,2.910483533512115,offpolicy
157,256,80.05018783398026,171,11,44.15195176663673,27.672165155410767,66.796875,4.296875,55.1553381213864,34.56851995500789,offpolicy
158,256,62.55800097824874,191,7,40.277141840783656,16.048285007476807,74.609375,2.734375,64.38367788444505,25.65344920956914,offpolicy
159,256,70.97930676683177,157,8,45.17078738140913,16.646019339561462,61.328125,3.125,63.63937524748717,23.451932820707757,offpolicy
160,256,35.04242321342997,191,6,19.918100811355202,12.599654912948608,74.609375,2.34375,56.83996420579046,35.955432751350955,offpolicy
161,256,110.79567015598514,166,13,59.781408485676366,39.553091526031494,64.84375,5.078125,53.95644829938961,35.69913108548931,offpolicy
162,169,51.33553998826736,103,8,24.435324184449343,19.74013352394104,60.946745562130175,4.733727810650888,47.59923474075463,38.45315258873796,offpolicy
163,256,20.629154967762588,176,5,10.9627732723593,7.319897890090942,68.75,1.953125,53.14213446692775,35.48326580283986,offpolicy
164,256,45.72105023824133,185,4,27.853051996879913,13.813973903656006,72.265625,1.5625,60.91953673798917,30.21359708859427,offpolicy
165,256,22.406504046404052,184,2,13.818065858899217,5.761062145233154,71.875,0.78125,61.66988759282524,25.711561845176508,offpolicy
166,256,24.47785505475713,182,2,14.401103056089596,6.116729021072388,71.09375,0.78125,58.833190342349155,24.988827686859093,offpolicy
167,256,45.08579030615431,159,3,29.633501768758947,9.721666097640991,62.109375,1.171875,65.72692098227212,21.56259440419294,offpolicy
168,256,32.42568927338414,171,2,21.244010997798,7.192645192146301,66.796875,0.78125,65.51598893916388,22.18193461210465,offpolicy
169,256,11.04555606897884,196,0,7.727700110497608,0.0,76.5625,0.0,69.96207399825397,0.0,offpolicy
170,256,77.88005397993334,167,10,37.353322416005994,30.175512433052063,65.234375,3.90625,47.962630361851694,38.74613702865065,offpolicy
171,256,39.79416064268116,189,4,23.289170976302557,7.83837616443634,73.828125,1.5625,58.52409147517939,19.697302412830144,offpolicy
172,256,40.408884644144564,190,2,26.45433535912889,9.57092535495758,74.21875,0.78125,65.46663089589197,23.685200517763988,offpolicy
173,256,52.03254302153982,173,10,23.2718668714424,23.405564069747925,67.578125,3.90625,44.72559963446066,44.98254882537408,offpolicy
174,256,62.91538028210289,189,6,39.593491255668596,12.831815004348755,73.828125,2.34375,62.93133901144279,20.395354755566714,offpolicy
175,256,51.24712539582447,186,6,24.304639176097908,22.763877272605896,72.65625,2.34375,47.42634633332665,44.41981300762025,offpolicy
176,256,19.81486562920253,169,2,9.118314529040902,9.091467380523682,66.015625,0.78125,46.017544098823535,45.88205416404622,offpolicy
177,256,53.56288864509099,191,6,31.924586986595955,12.95468544960022,74.609375,2.34375,59.602063656665436,24.185935033187402,offpolicy
178,256,23.72033479471301,147,1,15.690324516432952,3.632612466812134,57.421875,0.390625,66.14714611840193,15.31433893429616,offpolicy
179,256,42.551316052406264,177,2,35.764313089387315,4.691617369651794,69.140625,0.78125,84.04984006920006,11.025786755628408,offpolicy
180,256,48.35082641938243,164,4,29.29149693807483,9.635907649993896,64.0625,1.5625,60.581171217236374,19.92914778004941,offpolicy
181,256,11.610446995224493,151,1,8.282407408207291,1.3633960485458374,58.984375,0.390625,71.33581860899876,11.742838575522695,offpolicy
182,256,44.74828561867275,174,6,28.443526832041243,8.440900683403015,67.96875,2.34375,63.56338894058594,18.863070543826066,offpolicy
183,256,51.98216235371089,215,3,37.51189776144108,8.574318528175354,83.984375,1.171875,72.16301912604678,16.494732308039996,offpolicy
184,256,54.43504643899428,189,3,41.12989355978675,10.280319929122925,73.828125,1.171875,75.55774496469164,18.88548022209212,offpolicy
185,237,41.76558804200832,173,4,23.223855190555412,15.867934226989746,72.9957805907173,1.6877637130801688,55.605239335303,37.99284284236485,offpolicy
186,256,18.65958211311454,172,0,15.473404437720546,0.0,67.1875,0.0,82.92471044592877,0.0,offpolicy
187,256,61.2337558834779,146,11,26.845426511542428,26.23641312122345,57.03125,4.296875,43.840894820541074,42.846323474178014,offpolicy
188,256,13.351721280266247,157,1,8.364572703287195,1.1643694639205933,61.328125,0.390625,62.647897808127375,8.72074423573778,offpolicy
189,256,38.754929543845776,198,4,25.726862982899604,9.743525862693787,77.34375,1.5625,66.38345956426849,25.14138453450251,offpolicy
190,250,21.37475496654662,178,4,9.624910135346514,8.224998354911804,71.2,1.6,45.02933554284177,38.47996558456297,offpolicy
191,256,66.88918121060033,173,6,41.63288185098554,11.347658634185791,67.578125,2.34375,62.24157793157099,16.96486401658548,offpolicy
192,256,22.938424468943026,198,2,11.281204878723997,6.502119302749634,77.34375,0.78125,49.18038243645694,28.34597167540009,offpolicy
193,256,16.0067778971179,186,1,10.260128351781532,2.2348275184631348,72.65625,0.390625,64.09864882069064,13.96175753063661,offpolicy
194,256,35.964173925599425,142,2,19.246091110072484,2.7524943351745605,55.46875,0.78125,53.51462027151707,7.653434055982377,offpolicy
195,256,60.82322989242152,152,7,35.24200585511085,17.42918598651886,59.375,2.734375,57.94168760429795,28.655475905087552,offpolicy
196,206,51.53506725784561,145,6,33.13622881828735,15.157375574111938,70.3883495145631,2.912621359223301,64.2984099593714,29.411770238457205,offpolicy
197,256,53.634917535509885,157,11,24.66117971042695,19.758928298950195,61.328125,4.296875,45.979710314832886,36.8396731212805,offpolicy
198,256,26.060650095855465,172,4,15.86208229106478,5.501318693161011,67.1875,1.5625,60.86602687469947,21.109675594915064,offpolicy
199,256,34.13224456721332,177,2,24.3276230430572,5.565906286239624,69.140625,0.78125,71.2746066117954,16.306886220972736,offpolicy
200,214,32.13219102445214,143,2,25.038367068286107,6.3976428508758545,66.82242990654206,0.9345794392523364,77.92299955279198,19.91038471670774,offpolicy
201,256,35.3693700047149,175,4,21.973780785146573,7.883977890014648,68.359375,1.5625,62.1265823570433,22.290410852564456,offpolicy
202,256,46.61493392834319,190,7,29.818959759147504,10.920623540878296,74.21875,2.734375,63.968683952197416,23.427306703181337,offpolicy
203,256,18.229152781020275,193,1,13.744682529101738,1.2359288930892944,75.390625,0.390625,75.399458736296,6.779957949423254,offpolicy
204,240,61.88655376600586,152,6,40.64224357232638,15.951985955238342,63.333333333333336,2.5,65.67217125386463,25.77617428101277,offpolicy
205,256,52.46165162854132,154,3,39.82507286772011,8.79003357887268,60.15625,1.171875,75.9127317410907,16.75515982819446,offpolicy
206,143,45.167670928257046,111,3,36.03168020481611,7.956133723258972,77.62237762237763,2.097902097902098,79.77316400052537,17.614664559295637,offpolicy
207,256,85.070127189132,140,14,40.19500478189502,34.685044050216675,54.6875,5.46875,47.24925906426771,40.772295982470105,offpolicy
208,256,31.700414244706735,170,2,23.337046298853238,2.751108765602112,66.40625,0.78125,73.6174805751947,8.678463140466645,offpolicy
209,256,52.37556035385751,182,5,27.19335644104285,20.58370614051819,71.09375,1.953125,51.91993413974049,39.30021178093645,offpolicy
210,256,50.20509266784495,170,6,22.21539458123891,18.117949604988098,66.40625,2.34375,44.24928508391598,36.08787205086103,offpolicy
211,256,54.31503050418905,149,10,25.815950750950833,19.31864619255066,58.203125,3.90625,47.53003084286176,35.567771965185045,offpolicy
212,256,31.753819551873633,190,3,14.719889182569162,16.14631426334381,74.21875,1.171875,46.35627899353171,50.848416005409646,offpolicy
213,256,31.535215610045157,183,4,21.64173564839632,6.234185099601746,71.484375,1.5625,68.62720051136296,19.768962979964286,offpolicy
214,256,10.496188040123513,181,1,8.836668941006792,1.0310754776000977,70.703125,0.390625,84.18931622820666,9.823332753363712,offpolicy
215,209,47.09239544947968,134,6,27.05703456051333,17.383294939994812,64.11483253588517,2.8708133971291865,57.45520970480231,36.913167771733896,offpolicy
216,256,60.62748435811301,180,9,28.857814400156826,24.57667076587677,70.3125,3.515625,47.59856805157899,40.53717719954842,offpolicy
217,256,74.39170598515511,173,11,43.97478251517987,16.071300625801086,67.578125,4.296875,59.11248025949969,21.603618861769508,offpolicy
218,235,36.76031767634403,160,4,19.256396901016743,14.314532995223999,68.08510638297872,1.702127659574468,52.38365204174664,38.94017761559138,offpolicy
219,256,32.62387690275955,168,6,10.202087763756026,17.62523102760315,65.625,2.34375,31.271843607566655,54.025556435667795,offpolicy
220,256,42.42235587049777,163,7,24.188214247552196,9.752127885818481,63.671875,2.734375,57.017611943549944,22.988180844054696,offpolicy
221,256,48.71870441050669,184,5,32.846991907391384,8.984342455863953,71.875,1.953125,67.42172704475202,18.441258987844485,offpolicy
222,256,32.56069957710355,185,2,24.06948778551316,4.943734645843506,72.265625,0.78125,73.92190001482233,15.18313399298062,offpolicy
223,256,46.533484043779936,142,7,16.677262146404246,17.8435240983963,55.46875,2.734375,35.83927249185519,38.34555796769621,offpolicy
224,256,25.140868873980082,164,2,16.540374101123916,5.173707723617554,64.0625,0.78125,65.79078147232462,20.578873982243945,offpolicy
225,256,57.33571683986554,162,7,34.05202558503913,16.93936550617218,63.28125,2.734375,59.39059884808617,29.54417671882012,offpolicy
226,256,28.668295640811095,194,2,23.434122240160548,3.4542105197906494,75.78125,0.78125,81.74229306747006,12.04888690652878,offpolicy
227,256,44.88799518353312,166,8,21.568268865096115,14.967571496963501,64.84375,3.125,48.04908033185741,33.34426372968036,offpolicy
228,256,50.009911463799654,179,4,35.31602343273698,7.279755711555481,69.921875,1.5625,70.61804830088724,14.556625873703116,offpolicy
229,256,53.847535065549835,179,2,42.58182988087805,5.275319218635559,69.921875,0.78125,79.07851274722643,9.796770106958085,offpolicy
230,256,20.638309513598585,193,1,16.194856364128043,2.019089460372925,75.390625,0.390625,78.46987832727893,9.783211454613307,offpolicy
231,256,17.179012555569898,176,3,9.36894001591827,4.485260605812073,68.75,1.171875,54.53712770516957,26.10895469866707,offpolicy
232,256,41.90789235548618,184,5,21.046629468730316,17.246344685554504,71.875,1.953125,50.22115951382387,41.15297552847889,offpolicy
233,256,25.562487858040583,187,3,17.844677799047588,6.16061532497406,73.046875,1.171875,69.80806366792899,24.100218097653833,offpolicy
234,256,88.67844182403132,168,15,43.63739201828503,35.51498830318451,65.625,5.859375,49.208568757755906,40.0491794540758,offpolicy
235,256,25.192919530693416,171,6,8.231770999286482,13.661531329154968,66.796875,2.34375,32.674938644000456,54.22766231008139,offpolicy
236,256,55.134308359903514,177,8,33.27878226491316,18.992729902267456,69.140625,3.125,60.35948079311573,34.448114916555184,offpolicy
237,210,37.33518851023135,155,5,27.58694355807873,8.050027847290039,73.80952380952381,2.380952380952381,73.88992706041593,21.56150315160189,offpolicy
238,201,34.375018659597075,143,2,28.3442706091673,3.7699239253997803,71.14427860696517,0.9950248756218906,82.4560151947843,10.967045466162284,offpolicy
239,256,26.895599282377134,204,2,18.377200939515205,4.784393310546875,79.6875,0.78125,68.32791025242759,17.788758898121166,offpolicy
240,256,139.26608350993698,150,17,89.84012972859387,37.91657853126526,58.59375,6.640625,64.5096978850443,27.225996147554344,offpolicy
241,256,66.72134106999698,161,7,35.24021495039375,17.952158331871033,62.890625,2.734375,52.81700635097163,26.906171314868395,offpolicy
242,256,45.738862821662224,167,6,22.205837108511332,14.497374534606934,65.234375,2.34375,48.549167466390315,31.695966275184443,offpolicy
243,256,29.298914769891482,165,2,20.68636633943806,2.445623517036438,64.453125,0.78125,70.60454799061719,8.347147108498504,offpolicy
244,256,34.55013433955787,178,3,26.26417343868934,4.935259580612183,69.53125,1.171875,76.01757255287545,14.284342665960638,offpolicy
245,141,23.16617788220104,98,2,9.285607418835852,11.189277529716492,69.50354609929079,1.4184397163120568,40.08260432969454,48.300058760722024,offpolicy
246,256,58.1027202769551,185,13,23.413155994108365,24.779058694839478,72.265625,5.078125,40.29614428120773,42.64698550554342,offpolicy
247,256,46.36867848323149,199,7,19.05577918954677,23.840455770492554,77.734375,2.734375,41.09623093191667,51.4149994141284,offpolicy
248,256,43.72267470587565,166,5,19.57664511220014,19.131911754608154,64.84375,1.953125,44.77458262536108,43.75741393523924,offpolicy
249,256,59.86450749887922,194,8,34.74142310596994,21.440759420394897,75.78125,3.125,58.03342340471166,35.815477845192845,offpolicy
250,145,37.019287712160605,106,4,15.354123962330647,19.992128610610962,73.10344827586206,2.7586206896551726,41.4760113206795,54.004627982195544,offpolicy
251,256,56.46089926548484,143,5,31.997442864306777,8.826475262641907,55.859375,1.953125,56.67186190898514,15.632898833472224,offpolicy
252,256,34.3100821213402,170,5,25.574112058942774,5.720311522483826,66.40625,1.953125,74.53818375746812,16.672392395487456,offpolicy
253,256,12.143069440816362,193,1,8.872366150671041,1.1932847499847412,75.390625,0.390625,73.06526734376119,9.826879075349488,offpolicy
254,256,36.64267733361396,184,4,25.81169221530172,5.627924561500549,71.875,1.5625,70.44161096717544,15.358933819876212,offpolicy
255,245,35.59618880886046,182,3,25.062741711184003,5.9551169872283936,74.28571428571429,1.2244897959183674,70.40849751011964,16.72964771370712,offpolicy
256,256,46.674679442872275,161,7,24.41745101035258,12.919628381729126,62.890625,2.734375,52.314126849523305,27.680165211508683,offpolicy
257,256,51.97358528346581,171,3,37.53221403149655,9.753708839416504,66.796875,1.171875,72.21401761451419,18.766665386310034,offpolicy
258,256,53.12194731958334,133,8,24.462316878752063,17.441842079162598,51.953125,3.125,46.0493602231597,32.833589428173475,offpolicy
259,256,27.75274186058914,165,3,20.786700145150007,3.487988233566284,64.453125,1.171875,74.89962703349536,12.568085168260346,offpolicy
260,256,77.33096715281681,192,5,56.947076008880686,14.68537712097168,75.0,1.953125,73.64071355314269,18.99029284342367,offpolicy
261,256,60.63439937629482,158,8,23.96554569890759,28.25556766986847,61.71875,3.125,39.52466907469192,46.59989702300087,offpolicy
262,224,27.914072375206587,172,4,10.010705711101679,13.79704463481903,76.78571428571429,1.7857142857142858,35.862577041941165,49.42684266690385,offpolicy
263,256,21.736180339161564,203,6,7.970842904637578,11.036260843276978,79.296875,2.34375,36.670853757486995,50.773690092151135,offpolicy
264,256,28.20634885961863,186,4,14.51658323360698,10.455527305603027,72.65625,1.5625,51.46565869214473,37.06799259145373,offpolicy
265,256,31.720865453451665,143,1,20.18354893938067,1.4171867370605469,55.859375,0.390625,63.62861999777003,4.467679922353246,offpolicy
266,256,41.90106743184061,165,3,29.464865109782416,8.24666714668274,64.453125,1.171875,70.32008231702488,19.681281771872236,offpolicy
267,256,11.408628954915372,157,1,6.0736698552098005,3.9834647178649902,61.328125,0.390625,53.23750889972611,34.91624395540296,offpolicy
268,256,79.18376454454756,146,11,45.930623913107866,21.01982808113098,57.03125,4.296875,58.00510265872496,26.54562864247955,offpolicy
269,256,38.174056245858495,184,6,15.783170435077494,19.63842499256134,71.875,2.34375,41.3452799813219,51.44442829465343,offpolicy
270,256,55.947556057607926,190,6,33.234546545776084,14.248357892036438,74.21875,2.34375,59.40303542759799,25.467346379465134,offpolicy
271,256,11.227409641621875,195,0,9.201668357296626,0.0,76.171875,0.0,81.95718024916906,0.0,offpolicy
272,256,25.1375774188175,195,2,17.867466830114836,5.232409358024597,76.171875,0.78125,71.078714278726,20.815089978033118,offpolicy
273,256,42.2366276437283,163,4,32.813047711150375,5.6179358959198,63.671875,1.5625,77.68860712065579,13.301099565305861,offpolicy
274,256,20.18521001293084,189,2,11.061899473546873,5.910496234893799,73.828125,0.78125,54.80200338000206,29.281321477990463,offpolicy
275,119,58.63678333911183,91,7,32.80014053953397,23.718204259872437,76.47058823529412,5.882352941176471,55.93782378859732,40.44936115049809,offpolicy
276,256,39.2135596738176,181,5,21.618224891326918,10.785580158233643,70.703125,1.953125,55.129463050917906,27.504720938239736,offpolicy
277,256,37.600083160533245,177,5,17.10835699069719,13.673510193824768,69.140625,1.953125,45.50084880837417,36.365638170122736,offpolicy
278,256,45.30394129315914,176,7,22.824361918755812,12.842205166816711,68.75,2.734375,50.38052157771596,28.346772488767712,offpolicy
279,256,48.20638458700546,167,5,27.06293536738849,11.170340061187744,65.234375,1.953125,56.139732525561755,23.171910021642294,offpolicy
280,256,63.24878686674063,156,6,31.677166057396022,25.052734375,60.9375,2.34375,50.08343657900806,39.609825920904704,offpolicy
281,256,75.74133948556695,196,12,36.803622473192576,34.933576583862305,76.5625,4.6875,48.59119567090013,46.12220594609255,offpolicy
282,256,53.694864567233935,191,4,38.1978264355846,10.253633975982666,74.609375,1.5625,71.13869593200157,19.096116655892846,offpolicy
283,256,32.27262156803209,170,0,27.650619600858136,0.0,66.40625,0.0,85.67825685486822,0.0,offpolicy
284,256,64.63864485809108,180,7,46.25506846392409,13.098321080207825,70.3125,2.734375,71.55946503128794,20.263916591946085,offpolicy
285,256,46.90213902641847,208,4,34.92191840420958,8.552986741065979,81.25,1.5625,74.45698454080993,18.235813799981184,offpolicy
286,256,61.00116204654114,155,5,41.66519642332787,12.394532561302185,60.546875,1.953125,68.30229953904681,20.318518771569817,offpolicy
287,256,44.05052269246062,184,4,19.76685189649197,20.642370462417603,71.875,1.5625,44.873138133898074,46.86067088586581,offpolicy
288,256,45.25430004346765,203,4,27.484047606172567,12.915198564529419,79.296875,1.5625,60.73245543467382,28.539163244430064,offpolicy
289,256,13.695966176907064,166,1,8.746862976069337,1.0621497631072998,64.84375,0.390625,63.86451940000794,7.755201417613045,offpolicy
290,256,62.42684172909381,174,6,34.62834507446237,20.618103981018066,67.96875,2.34375,55.4702818776814,33.02762627411451,offpolicy
291,256,25.716499483789306,159,0,19.808424758039564,0.0,62.109375,0.0,77.0261316884362,0.0,offpolicy
292,256,49.80059690928101,181,7,32.352070602642925,12.430006623268127,70.703125,2.734375,64.96321853647035,24.959553488708544,offpolicy
293,256,38.02222651469947,184,7,24.3150201796725,11.951372623443604,71.875,2.734375,63.949490622997224,31.432595402647394,offpolicy
294,256,55.449699045613215,169,5,41.1917266986743,10.547761917114258,66.015625,1.953125,74.28665512645934,19.022216709305514,offpolicy
295,256,50.90188245395336,169,6,29.594526847877546,14.732417583465576,66.015625,2.34375,58.140338669496586,28.942775538395367,offpolicy
296,256,40.96267656858777,193,1,30.262400878793756,6.693587303161621,75.390625,0.390625,73.87798702099579,16.34069807902787,offpolicy
297,256,47.36674946590526,190,4,27.70369257784637,12.80407428741455,74.21875,1.5625,58.48763719323315,27.031777421482058,offpolicy
298,220,29.963645854319417,184,1,25.964743616838483,2.0878164768218994,83.63636363636364,0.45454545454545453,86.65415331324084,6.967831908615786,offpolicy
299,255,42.95037151955853,192,7,19.45192795082812,19.340612649917603,75.29411764705883,2.7450980392156863,45.28931243812454,45.03014052185874,offpolicy
300,256,48.531682403637205,180,9,26.042385713267322,17.906975746154785,70.3125,3.515625,53.66058711229755,36.897496355520424,offpolicy
301,256,37.34266372444938,145,4,22.167359453595964,6.717676162719727,56.640625,1.5625,59.362019852596426,17.98927953369716,offpolicy
302,256,60.02537476884271,169,6,33.88962519358819,17.458603501319885,66.015625,2.34375,56.45883149267605,29.085371925711158,offpolicy
303,242,45.554066086905436,173,7,25.476611068310604,15.826238989830017,71.48760330578513,2.8925619834710745,55.92609673899973,34.741660513109025,offpolicy
304,256,47.56893325482571,149,11,19.851245851541307,20.063681602478027,58.203125,4.296875,41.73153462407624,42.17811968790079,offpolicy
305,256,80.55312403855788,127,15,31.419424578366943,40.79059422016144,49.609375,5.859375,39.00460094300948,50.63812820051082,offpolicy
306,256,104.37232368644635,151,13,61.60031337108637,31.08963108062744,58.984375,5.078125,59.01977765307309,29.787236675908844,offpolicy
307,256,40.6809657461078,164,7,21.417108572439247,14.63179063796997,64.0625,2.734375,52.64650968736738,35.96716638756268,offpolicy
308,256,49.84614816770954,173,4,32.08760754634136,14.64860737323761,67.578125,1.5625,64.37329407757085,29.387641596601867,offpolicy
309,256,100.60982794487745,149,20,35.16831491817675,52.3656747341156,58.203125,7.8125,34.955148653514165,52.04826983980723,offpolicy
310,256,27.187097960252686,181,1,22.387066975973994,1.1912206411361694,70.703125,0.390625,82.34445253665434,4.381566001923869,offpolicy
311,152,33.0321455189783,117,0,31.571331275174316,0.0,76.97368421052632,0.0,95.57759806136515,0.0,offpolicy
312,256,35.874819073066845,167,3,29.102123507741794,4.540090322494507,65.234375,1.171875,81.12131087955875,12.655367859131578,offpolicy
313,248,77.44420125550351,143,10,38.028583576502626,28.33874535560608,57.66129032258065,4.032258064516129,49.104494539286314,36.592469024389615,offpolicy
314,256,26.639798876217128,161,8,5.314973122566471,17.69508147239685,62.890625,3.125,19.951250935724786,66.42347997677363,offpolicy
315,256,61.07220475834447,189,4,47.6825975277211,8.762161135673523,73.828125,1.5625,78.07577557809732,14.3472160049639,offpolicy
316,256,11.950711061628908,167,4,4.191105114895436,5.369779467582703,65.234375,1.5625,35.06992256178084,44.9327193996337,offpolicy
317,256,76.29100465078182,147,12,24.70918429011863,39.68065047264099,57.421875,4.6875,32.38807039338866,52.012226938519355,offpolicy
318,256,63.242149586671246,161,6,46.9151443327375,8.38867437839508,62.890625,2.34375,74.18334866755575,13.264372626832811,offpolicy
319,256,38.68660447032016,182,7,22.94734549993882,9.670305252075195,71.09375,2.734375,59.315997912258524,24.996521107180968,offpolicy
320,256,27.607670113005952,170,2,19.099876215663244,3.057638168334961,66.40625,0.78125,69.18322385584182,11.07532129954896,offpolicy
321,256,37.56304776356046,156,4,23.581221482642604,8.390020489692688,60.9375,1.5625,62.7777107732949,22.335835320135452,offpolicy
322,256,53.84702915344462,179,10,26.75712718638397,20.926260948181152,69.921875,3.90625,49.69099986953004,38.862424310445896,offpolicy
323,256,51.929267845717355,161,4,34.2142979906007,9.772080302238464,62.890625,1.5625,65.88634773794982,18.81805907849782,offpolicy
324,256,42.09821062907238,181,8,25.85571804625178,11.410949230194092,70.703125,3.125,61.41761766091839,27.105544534270216,offpolicy
325,256,58.112902964985096,187,8,35.66117526447124,13.964239478111267,73.046875,3.125,61.365331010839796,24.02949907101556,offpolicy
326,256,72.20677082794418,153,10,38.681125509350295,19.664751768112183,59.765625,3.90625,53.569942355572856,27.233944327699916,offpolicy
327,256,59.72871234282243,151,10,35.34851095824365,19.73357653617859,58.984375,3.90625,59.181773006180435,33.03867731638779,offpolicy
328,256,27.59219674169526,171,6,13.189307463494515,10.759555339813232,66.796875,2.34375,47.80086046416095,38.994921066049805,offpolicy
329,256,23.301217860783026,178,3,13.597353298279586,7.298082232475281,69.53125,1.171875,58.354689353660476,31.320604253729904,offpolicy
330,256,94.49645642759936,147,17,45.04626591786757,39.80832123756409,57.421875,6.640625,47.669793789972225,42.12678733415168,offpolicy
331,256,44.10898731792622,157,7,20.422335928947177,15.748936176300049,61.328125,2.734375,46.29971615931293,35.70459703095374,offpolicy
332,238,54.153869777082946,169,8,32.136164843709935,18.856837153434753,71.00840336134453,3.361344537815126,59.34232396686349,34.820848872031426,offpolicy
333,256,86.03410674143834,145,8,45.60427232939173,20.216193675994873,56.640625,3.125,53.007201511893456,23.497882923049797,offpolicy
334,256,26.945917561651868,197,1,22.25833124540418,2.232572317123413,76.953125,0.390625,82.60372353057728,8.285382422087947,offpolicy
335,256,59.974845719997575,148,7,35.919988143044975,12.139841318130493,57.8125,2.734375,59.89175580499756,20.24155489254168,offpolicy
336,256,84.96386553615775,134,13,43.87914959116233,25.04529559612274,52.34375,5.078125,51.64448358636513,29.477584898093305,offpolicy
337,256,82.59942289433525,166,18,37.02993832632819,39.2927827835083,64.84375,7.03125,44.83074703039813,47.57028730548557,offpolicy
338,256,78.50082944130384,144,9,39.57895098265237,24.829253911972046,56.25,3.515625,50.418513109146325,31.62928861858361,offpolicy
339,256,40.59684010500905,176,4,27.908353434228502,6.067416191101074,68.75,1.5625,68.7451372127483,14.945538065048675,offpolicy
340,256,86.03671856086368,156,18,27.86837787525792,47.776020884513855,60.9375,7.03125,32.39126077959774,55.529803650887004,offpolicy
341,243,15.915736993467391,182,1,13.361119037827507,1.3637690544128418,74.89711934156378,0.411522633744856,83.94910674454833,8.568683027198805,offpolicy
342,256,87.09376085291069,173,9,61.38578496963555,15.015698909759521,67.578125,3.515625,70.48241385890735,17.24084338844772,offpolicy
343,256,69.06183700546217,181,9,41.32268378733443,18.553037881851196,70.703125,3.515625,59.834324685087914,26.864385145711978,offpolicy
344,256,44.958287718448844,144,3,35.59200690015928,6.652025818824768,56.25,1.171875,79.16673144460955,14.795994590548158,offpolicy
345,256,67.25620302161144,139,7,38.73883366719565,19.608319520950317,54.296875,2.734375,57.59890081030548,29.15466327269408,offpolicy
346,256,60.84921542741404,176,7,31.43225696732725,16.916240453720093,68.75,2.734375,51.65597739681991,27.800260586595698,offpolicy
347,256,18.78647870994409,227,2,11.594093746077988,4.897244215011597,88.671875,0.78125,61.71509799726854,26.06791986206217,offpolicy
348,256,64.16695753545366,169,6,47.12968399268868,13.974605083465576,66.015625,2.34375,73.4485252267859,21.778506602474174,offpolicy
349,256,31.268494351126634,203,2,20.776209195875623,5.417332887649536,79.296875,0.78125,66.4445462661909,17.325211846838876,offpolicy
350,247,54.456566575725674,164,6,33.618355147049215,12.99372112751007,66.39676113360323,2.42914979757085,61.73425403215705,23.860705778138602,offpolicy
351,256,61.264598860429956,158,11,24.453191095981893,34.25223934650421,61.71875,4.296875,39.91406383267108,55.90869765512708,offpolicy
352,256,51.13971932381298,191,5,31.799866888684278,14.578029036521912,74.609375,1.953125,62.182325810843494,28.506275023167202,offpolicy
353,256,30.462010462203352,146,4,14.893834181229067,8.904158234596252,57.03125,1.5625,48.89314249205264,29.230369563572804,offpolicy
354,256,29.668105058648507,184,0,27.1506062862627,0.0,71.875,0.0,91.51446050427163,0.0,offpolicy
355,256,23.761535593648887,137,5,11.697571193523572,8.533442497253418,53.515625,1.953125,49.22902035275095,35.91284100146407,offpolicy
356,256,45.05701328825444,183,5,27.329711905067597,12.773796319961548,71.484375,1.953125,60.65584447469794,28.350295298626573,offpolicy
357,256,37.17528136686148,173,4,26.426017065629708,6.187323689460754,67.578125,1.5625,71.08491474441453,16.64364992534048,offpolicy
358,256,59.13587282175263,174,9,33.08445284296431,20.992688536643982,67.96875,3.515625,55.946502967306294,35.499076169755966,offpolicy
359,256,45.51925685567301,193,5,29.523324557068804,12.6459881067276,75.390625,1.953125,64.85897748875342,27.781622505007014,offpolicy
360,256,14.957532523513919,190,2,11.146359265350384,2.4853274822235107,74.21875,0.78125,74.5200403062992,16.61589221562088,offpolicy
361,256,49.817034962466096,175,5,26.00611637053089,16.820364832878113,68.359375,1.953125,52.203260170190404,33.76428333310316,offpolicy
362,256,46.75427900526368,178,9,26.423537320001373,16.74848175048828,69.53125,3.515625,56.51576258298532,35.82235061009647,offpolicy
363,256,39.28155841247941,204,2,30.087450655721,5.124754190444946,79.6875,0.78125,76.59434063125784,13.046208952893418,offpolicy
364,256,82.87840553851788,176,12,34.211102608792096,37.81919729709625,68.75,4.6875,41.27866889631755,45.632148750158706,offpolicy
365,256,7.89706207096674,165,1,4.892480915246779,1.1921815872192383,64.453125,0.390625,61.95317791959374,15.09652040854852,offpolicy
366,240,21.042875520086596,172,2,14.994915395355747,3.06854510307312,71.66666666666667,0.8333333333333334,71.25887040030373,14.58234688573823,offpolicy
367,256,29.24460392813853,171,2,17.015670478274842,4.032614231109619,66.796875,0.78125,58.183966245830156,13.789259177586345,offpolicy
368,256,35.88018325050689,166,3,24.11541723630762,5.230054497718811,64.84375,1.171875,67.21096452584851,14.576443105665923,offpolicy
369,256,59.723162530131845,156,6,34.94690843951139,16.14623987674713,60.9375,2.34375,58.514832368228646,27.035138784890947,offpolicy
370,256,45.4564569261845,161,5,25.37059970810219,12.804510354995728,62.890625,1.953125,55.81297228972512,28.168738218617925,offpolicy
371,256,56.804630664720435,154,7,36.43152017567718,12.812264442443848,60.15625,2.734375,64.13477167153495,22.554964784589544,offpolicy
372,256,50.579319545666465,167,6,31.164530725581415,9.083258628845215,65.234375,2.34375,61.615164074012405,17.958443708686566,offpolicy
373,256,29.29288556173202,202,3,17.136917914747755,6.13670551776886,78.90625,1.171875,58.501979528897216,20.949474249767324,offpolicy
374,256,31.659587434268815,172,5,16.016347009518995,13.945617079734802,67.1875,1.953125,50.589247389189474,44.04863805849806,offpolicy
375,256,32.91914288542648,172,3,17.282231307342954,8.067413687705994,67.1875,1.171875,52.49903184749658,24.50675497774728,offpolicy
376,256,61.45372164935907,180,4,46.70225033583483,9.220637083053589,70.3125,1.5625,75.99580478186046,15.004196386452302,offpolicy
377,256,86.72332186397557,170,10,51.31578999156204,24.989172101020813,66.40625,3.90625,59.17184546049817,28.814823468381448,offpolicy
378,256,17.42210024799715,181,1,11.428028529167932,1.3241305351257324,70.703125,0.390625,65.59501074206999,7.600292251090421,offpolicy
379,256,46.33199668039924,161,2,31.792891967885225,7.893784999847412,62.890625,0.78125,68.61973203355429,17.037437549474053,offpolicy
380,256,83.53932249986657,179,11,46.42927578563514,21.950938820838928,69.921875,4.296875,55.57774997003274,26.2761752956208,offpolicy
381,256,13.245877992556416,202,0,10.590568127181541,0.0,78.90625,0.0,79.95368923927097,0.0,offpolicy
382,256,23.274927850939093,185,0,20.331380944016928,0.0,72.265625,0.0,87.35314272175756,0.0,offpolicy
383,256,27.71268575457725,186,2,19.33312917200965,3.973380208015442,72.65625,0.78125,69.7627409455124,14.33776662140791,offpolicy
384,256,21.242548190326488,199,2,17.101429266842388,3.157305598258972,77.734375,0.78125,80.50554534992229,14.863120798740887,offpolicy
385,256,55.827792635215246,132,8,30.400912576710653,11.315069317817688,51.5625,3.125,54.45479955719091,20.267807096998368,offpolicy
386,256,23.636279867184385,177,2,14.730263440122144,6.093023180961609,69.140625,0.78125,62.32056619270709,25.778266356631296,offpolicy
387,256,63.8515521478173,175,5,48.34150244090165,10.162799835205078,68.359375,1.953125,75.70920488978928,15.916292546308105,offpolicy
388,256,50.30370366761781,145,7,29.68901261530482,10.666452407836914,56.640625,2.734375,59.0195362382763,21.204109499204268,offpolicy
389,236,64.51258626566371,164,8,31.072277038808153,28.435936331748962,69.49152542372882,3.389830508474576,48.16467427123769,44.07812177091984,offpolicy
390,256,38.120878762721134,203,4,26.05081922337078,9.36499559879303,79.296875,1.5625,68.33740477369632,24.566578480743658,offpolicy
391,256,90.407482833205,142,10,49.26911879854015,24.92612648010254,55.46875,3.90625,54.49672665860852,27.570866590865457,offpolicy
392,256,55.07428408443866,158,12,23.321337133950692,23.08431100845337,61.71875,4.6875,42.34523883813894,41.91486351971643,offpolicy
393,256,22.089402080758646,177,1,17.408251641787047,2.637935161590576,69.140625,0.390625,78.8081613895326,11.94208495072121,offpolicy
394,256,42.837311648807486,182,6,23.703051223668922,14.515511751174927,71.09375,2.34375,55.33272353315097,33.88520706009107,offpolicy
395,256,56.74781776388852,191,6,41.22371523150048,12.626534700393677,74.609375,2.34375,72.64370130146784,22.25025595332861,offpolicy
396,256,113.34355609758762,142,19,47.445291014554584,45.65572690963745,55.46875,7.421875,41.85971628921249,40.28083155457761,offpolicy
397,256,44.41968414062765,194,2,35.83567176426121,3.2114731073379517,75.78125,0.78125,80.67520617843557,7.22984228607028,offpolicy
398,198,44.4952691421191,134,6,24.189091043685295,18.221539616584778,67.67676767676768,3.0303030303030303,54.363287401239624,40.95163366331078,offpolicy
399,256,91.88433555960341,133,15,34.90338791277418,40.43320190906525,51.953125,5.859375,37.986222243652286,44.00445588773626,offpolicy
400,256,39.43731266792999,184,1,33.097208965186084,2.0827090740203857,71.875,0.390625,83.92359095020282,5.281062357258493,offpolicy
401,256,99.48391316425321,139,19,34.49460951099789,48.08181583881378,54.296875,7.421875,34.673555164688246,48.33124704235162,offpolicy
402,256,28.717402016097935,182,2,20.94377880720731,2.4441792964935303,71.09375,0.78125,72.93061815085844,8.511143504984929,offpolicy
403,256,27.56842376578078,195,1,19.329597229488343,5.297043800354004,76.171875,0.390625,70.1149887774184,19.214169969807788,offpolicy
404,256,121.08558652533105,168,17,68.99605920044183,40.668639063835144,65.625,6.640625,56.98123218489584,33.586688747076664,offpolicy
405,256,13.218623590553307,168,3,5.679483647271354,4.513103127479553,65.625,1.171875,42.965771801915885,34.142005001979506,offpolicy
406,256,37.36618587912784,168,1,34.68691260565038,1.407097578048706,65.625,0.390625,92.82968488637192,3.7656976352908647,offpolicy
407,256,76.34546860654166,189,10,45.58524421807522,20.462432026863098,73.828125,3.90625,59.70916814068681,26.802418532944568,offpolicy
408,256,35.31745556661065,146,6,15.046775195413716,13.510498404502869,57.03125,2.34375,42.604357969771286,38.25445006654381,offpolicy
409,256,24.289657339249743,184,1,18.144775568470095,2.499722957611084,71.875,0.390625,74.701653115336,10.291305977263717,offpolicy
410,256,13.779683561480851,167,1,7.0015761826489324,1.6129100322723389,65.234375,0.390625,50.81086333666504,11.704986004040034,offpolicy
411,256,30.70877055007969,200,2,24.129392784700144,3.264253854751587,78.125,0.78125,78.57492290467984,10.629711956160081,offpolicy
412,256,68.66359697031771,179,4,38.80249464869598,18.692442178726196,69.921875,1.5625,56.511013638667585,27.223220168332677,offpolicy
413,256,11.271511377036404,152,1,6.978732486125409,1.8813517093658447,59.375,0.390625,61.91478899931087,16.69121066761949,offpolicy
414,256,43.011469460632725,164,5,28.26312250645242,8.326271057128906,64.0625,1.953125,65.71066476192104,19.358257603241675,offpolicy
415,243,19.917358653112814,181,4,9.234645272102483,6.475900888442993,74.48559670781893,1.646090534979424,46.364808873184764,32.513853876055485,offpolicy
416,256,34.953455284552376,171,3,21.939878014067574,6.843060731887817,66.796875,1.171875,62.76883883283455,19.5776373928677,offpolicy
417,256,51.828339998064166,175,4,28.504085873802524,12.547457337379456,68.359375,1.5625,54.997103659633275,24.209645413779633,offpolicy
418,256,53.54081128164819,166,8,26.545623270949477,13.207268714904785,64.84375,3.125,49.58016629839215,24.667666400176024,offpolicy
419,201,23.87202329145211,154,2,12.793109275087488,10.572282791137695,76.61691542288557,0.9950248756218906,53.5903853598716,44.287334433538895,offpolicy
420,174,47.29119672037183,116,6,22.295051213823,21.371220111846924,66.66666666666667,3.4482758620689653,47.144189109130465,45.190694238957064,offpolicy
421,256,16.13671350882305,191,2,8.780798048131146,3.9068700075149536,74.609375,0.78125,54.41503341637738,24.21106382894385,offpolicy
422,256,31.389282341519902,159,6,16.828853403952508,10.140153408050537,62.109375,2.34375,53.61337421114686,32.30450858265637,offpolicy
423,256,55.264515116852635,185,6,35.33168032754838,13.264479398727417,72.265625,2.34375,63.93194666205289,24.001801826507805,offpolicy
424,256,20.656307606337577,163,2,13.504269259846296,3.420980930328369,63.671875,0.78125,65.37600774159192,16.56143486785981,offpolicy
425,256,39.432643987953725,191,4,27.353520479905,8.300222873687744,74.609375,1.5625,69.36770582327988,21.049115743350555,offpolicy
426,256,46.4030794611178,190,4,31.479810982499274,9.731993556022644,74.21875,1.5625,67.83991784182541,20.9727321312313,offpolicy
427,256,66.49060343428755,153,12,26.281150710017755,30.35277497768402,59.765625,4.6875,39.52611249195735,45.64972102814734,offpolicy
428,248,34.81702156824187,192,5,20.32748551932511,12.280732154846191,77.41935483870968,2.0161290322580645,58.383757724603015,35.27220767800536,offpolicy
429,256,56.3318248913954,187,7,34.149138432681866,16.501235365867615,73.046875,2.734375,60.621395629414614,29.292918164254527,offpolicy
430,256,57.52373967951007,152,9,26.92029330698915,15.843268752098083,59.375,3.515625,46.79857995494362,27.54213971547724,offpolicy
431,256,59.790464557680934,194,9,33.073243618945526,20.339508533477783,75.78125,3.515625,55.31524778008569,34.01798043207357,offpolicy
432,256,46.747050500906425,159,5,27.894493947682804,11.835198640823364,62.109375,1.953125,59.67113143778329,25.317530227054387,offpolicy
433,256,54.62879047104161,172,8,30.538693951741152,15.857581615447998,67.1875,3.125,55.90219678747881,29.027883426879104,offpolicy
434,256,47.55187103602043,198,6,34.63486513415705,8.573429346084595,77.34375,2.34375,72.83596708091933,18.02963618316983,offpolicy
435,256,37.0375513567967,157,7,18.215258691971925,16.648919105529785,61.328125,2.734375,49.18051551652935,44.95145736051628,offpolicy
436,256,47.6600257669022,202,3,34.337919481353076,9.674912691116333,78.90625,1.171875,72.0476309628839,20.299847797890063,offpolicy
437,256,18.340840942168143,185,1,12.7693113958303,1.1625654697418213,72.265625,0.390625,69.62227869536711,6.338670475402912,offpolicy
438,256,12.014236399010592,162,1,8.478257473193189,1.0299879312515259,63.28125,0.390625,70.56842558792499,8.573061966188284,offpolicy
439,256,49.57608412665859,191,4,29.34928498357496,15.811643838882446,74.609375,1.5625,59.20049051997018,31.893692528208447,offpolicy
440,256,21.0357674590216,179,3,10.916563059295186,7.070611476898193,69.921875,1.171875,51.8952449943223,33.61232952718264,offpolicy
441,256,92.16701751375331,155,11,46.17184691502007,35.157398104667664,60.546875,4.296875,50.095845738016024,38.145313858530166,offpolicy
442,256,83.02020936349064,142,12,35.84148110892302,37.385056018829346,55.46875,4.6875,43.171995570375955,45.03127166922079,offpolicy
443,256,53.33128271786984,190,1,45.76385351337842,1.321343183517456,74.21875,0.390625,85.81052466987488,2.477613730964529,offpolicy
444,256,24.342766192697127,191,3,13.184897764739617,5.384714365005493,74.609375,1.171875,54.16351478039957,22.12038813658292,offpolicy
445,256,49.416200035715065,180,6,22.630561154309817,16.92245841026306,70.3125,2.34375,45.79583443881521,34.24475859744886,offpolicy
446,256,25.022801816793617,176,1,15.707427797934116,3.7785210609436035,68.75,0.390625,62.77245814812132,15.100311662172519,offpolicy
447,256,61.39092626836646,145,7,33.925086884311895,15.51951014995575,56.640625,2.734375,55.26075097158589,25.279811029586387,offpolicy
448,256,50.177630425363304,172,5,27.549964447648904,18.14656400680542,67.1875,1.953125,54.90487337505522,36.164649173295494,offpolicy
449,256,113.29931439320671,152,10,62.47960122190807,31.81260061264038,59.375,3.90625,55.145612801390676,28.078369920434245,offpolicy
450,256,35.043713649901974,192,6,14.80773152325969,18.054176926612854,75.0,2.34375,42.25502945034226,51.51901738206149,offpolicy
451,256,31.247869284637602,145,2,12.346990166766773,15.005553722381592,56.640625,0.78125,39.513062648520894,48.02104612540342,offpolicy
452,256,44.98888363545325,203,1,39.478630844676445,3.0728163719177246,79.296875,0.390625,87.75196816300976,6.830168085113826,offpolicy
453,256,35.052864877193315,171,2,22.825124457511265,5.604811429977417,66.796875,0.78125,65.1162880337411,15.989595856469107,offpolicy
454,256,23.275661022157692,148,1,13.37713132342742,1.1648523807525635,57.8125,0.390625,57.472616183457966,5.004594196674633,offpolicy
455,256,22.351837687431157,170,2,12.544933168235843,3.1081814765930176,66.40625,0.78125,56.12484013021483,13.905708873059705,offpolicy
456,256,40.20403527546296,147,5,15.518562539757113,19.620194911956787,57.421875,1.953125,38.599514783602565,48.80155630529766,offpolicy
457,256,25.57155478945299,210,0,23.117506230703498,0.0,82.03125,0.0,90.40320942955856,0.0,offpolicy
458,256,57.82041474582161,168,6,35.120815403719234,15.270100593566895,65.625,2.34375,60.74120284005268,26.40953140978704,offpolicy
459,256,103.42874338723914,150,15,55.08186731153228,35.38820695877075,58.59375,5.859375,53.255860515780164,34.21506033992567,offpolicy
460,256,53.454647576669274,185,5,30.283976773733272,17.554686784744263,72.265625,1.953125,56.65358981236828,32.8403377078968,offpolicy
461,256,43.8031195134555,199,4,28.737011508655655,6.552638292312622,77.734375,1.5625,65.60494281652288,14.959295970461131,offpolicy
462,256,59.849527310391295,167,9,37.63493067022728,16.873462319374084,65.234375,3.515625,62.882586315252254,28.193142164456916,offpolicy
463,256,48.598220673962714,119,8,20.469185009408648,19.859158992767334,46.484375,3.125,42.119206681933825,40.863963160295704,offpolicy
464,256,28.652247563628407,160,2,17.994416810725852,3.197646737098694,62.5,0.78125,62.80281074203838,11.160195129536136,offpolicy
465,256,25.08335346466083,151,3,12.992093549308265,8.034348130226135,58.984375,1.171875,51.79568022119701,32.030598067939685,offpolicy
466,256,44.713441368271106,164,3,35.32039623201399,5.507326602935791,64.0625,1.171875,78.99279310913772,12.316937445221605,offpolicy
467,256,25.750399799528054,159,2,13.270311822719009,8.92549455165863,62.109375,0.78125,51.53439141151596,34.661576601316355,offpolicy
468,256,38.44050972897753,146,5,19.07458605346983,12.499254703521729,57.03125,1.953125,49.621053903691795,32.515840168735956,offpolicy
469,256,44.41424625404704,163,6,21.848657085399623,14.377948641777039,63.671875,2.34375,49.19290301680795,32.37238015824014,offpolicy
470,256,117.65255186722777,117,21,47.83295575649629,50.75152504444122,45.703125,8.203125,40.65611412362421,43.136782193823464,offpolicy
471,256,47.73167536380788,186,8,26.67833545126541,17.998043179512024,72.65625,3.125,55.89230892887121,37.70670742715828,offpolicy
472,256,41.40670983844575,194,5,25.866771210563456,12.028719305992126,75.78125,1.953125,62.46999897235592,29.050169291218523,offpolicy
473,197,75.11622285731218,140,11,42.09218414800884,28.85426664352417,71.06598984771574,5.583756345177665,56.03607655827622,38.412829540610154,offpolicy
474,256,27.844017388525614,190,0,26.09574507440577,0.0,74.21875,0.0,93.72119227723115,0.0,offpolicy
475,256,28.962467122963858,166,3,17.068253504964446,6.550036191940308,64.84375,1.171875,58.93231896474493,22.61560164792347,offpolicy
476,253,52.37124854959862,173,6,35.41686713595507,11.127485752105713,68.3794466403162,2.3715415019762847,67.62654723118399,21.24731806148814,offpolicy
477,256,13.502355327328019,194,2,8.757371327570922,3.107043981552124,75.78125,0.78125,64.85810153319316,23.01112588307937,offpolicy
478,256,45.916537339964634,160,5,13.565860783282915,22.76612889766693,62.5,1.953125,29.544607605842963,49.5815455967579,offpolicy
479,256,32.31876075718674,189,4,17.69023606709152,11.00730037689209,73.828125,1.5625,54.736740062527716,34.058547168905264,offpolicy
480,256,37.51695630685583,171,3,23.203723695944063,4.86576509475708,66.796875,1.171875,61.84863053963635,12.969509186617872,offpolicy
481,256,21.51856650947775,186,1,14.378690172559573,2.1162519454956055,72.65625,0.390625,66.81992578932498,9.834539603572164,offpolicy
482,256,109.99738709756593,152,16,49.74663148189529,48.69482946395874,59.375,6.25,45.22528470405467,44.26907833798561,offpolicy
483,187,11.459894891314882,136,1,4.7832355462878695,4.159887790679932,72.72727272727273,0.5347593582887701,41.73891289276085,36.29952831271244,offpolicy
484,256,24.00187496595896,179,1,16.321059880745906,3.046818494796753,69.921875,0.390625,67.99910383623575,12.694085354239832,offpolicy
485,256,57.807010092574274,156,6,37.15445408278265,14.651535511016846,60.9375,2.34375,64.27326724437424,25.34560339231062,offpolicy
486,256,20.809703507932227,140,1,8.489415230787927,1.0299057960510254,54.6875,0.390625,40.79546461366899,4.949161316298652,offpolicy
487,256,24.55651334577226,215,4,6.576727018104862,15.166500210762024,83.984375,1.5625,26.782006571943306,61.76161899373693,offpolicy
488,256,21.112401953788265,194,1,14.888666025355803,1.5010058879852295,75.78125,0.390625,70.52094810408005,7.109593173106006,offpolicy
489,256,73.53642904632716,156,9,45.58525560032831,17.911099314689636,60.9375,3.515625,61.99003159591839,24.356770578845808,offpolicy
490,256,32.022030813536844,184,3,19.43557441596795,7.885022044181824,71.875,1.171875,60.694384216730704,24.62374135511901,offpolicy
491,256,139.6751095081089,118,27,54.21781961034446,64.3714348077774,46.09375,10.546875,38.817094757457,46.08654686899693,offpolicy
492,256,70.4863165852878,158,9,38.716580674829174,19.11325764656067,61.71875,3.515625,54.92779669935294,27.116266777018776,offpolicy
493,256,60.11628746215922,142,9,28.32301767736726,17.08866572380066,55.46875,3.515625,47.11371721880773,28.426016384590092,offpolicy
494,256,37.990273014072045,173,0,28.939470114096366,0.0,67.578125,0.0,76.17599932323952,0.0,offpolicy
495,256,21.067670013962925,191,2,9.411032420583979,9.087676048278809,74.609375,0.78125,44.67049471700796,43.13564832872269,offpolicy
496,256,102.42791294183985,175,14,60.509965132747084,31.780752778053284,68.359375,5.46875,59.07565954907778,31.0274336997366,offpolicy
497,238,33.41531449422598,197,5,18.38108001487069,13.95143461227417,82.77310924369748,2.100840336134454,55.00795157276422,41.751618452326454,offpolicy
498,256,24.218768137438076,150,3,18.419870377903862,3.7355622053146362,58.59375,1.171875,76.05618202120648,15.424245296523136,offpolicy
499,256,22.39011974547998,150,1,14.512052225330535,1.3828279972076416,58.59375,0.390625,64.8145360109571,6.176063428543302,offpolicy
